user_id,invited,session_started,session_completed,rejected,drop_reason,queue_wait_seconds,session_duration_seconds,agent_id,language_used,device_os,attempt_no,ts
USR000229,True,True,True,False,,203,462,AG489,te,iOS,1,2025-09-21 06:00:00
USR000791,True,True,True,False,,316,353,AG307,en,iOS,1,2025-05-25 07:00:00
USR000904,True,True,True,False,,73,643,AG454,bn,Android,1,2025-12-17 18:00:00
USR000946,True,True,True,False,,389,313,AG668,te,Web-Desktop,3,2025-03-13 03:00:00
USR000925,True,True,True,False,,246,477,AG946,ta,Android,1,2026-01-23 15:00:00
USR000726,True,True,False,True,PAN_BLUR,306,295,AG605,gu,Android,1,2025-05-01 16:00:00
USR000894,True,False,False,False,NEVER_OPENED_LINK,0,0,,hi,Web-Desktop,2,2025-07-03 05:00:00
USR000174,True,True,True,False,,404,244,AG957,hi,Android,1,2026-01-07 18:00:00
USR000075,True,True,False,True,CONSENT_NOT_GIVEN,16,398,AG824,hi,Android,2,2025-05-25 02:00:00
USR000291,True,True,False,False,APP_CRASHED,98,655,AG754,hi,Android,1,2026-02-21 09:00:00
USR000699,True,True,True,False,,388,521,AG380,en,iOS,2,2025-01-09 19:00:00
USR000439,True,True,True,False,,232,165,AG268,en,Web-Desktop,2,2026-03-13 18:00:00
USR000037,True,True,True,False,,290,461,AG863,ta,Web-Desktop,1,2025-06-01 00:00:00
USR000969,True,True,False,False,USER_DROPPED,43,478,AG893,hi,Web-Desktop,2,2025-08-11 14:00:00
USR000490,True,True,True,False,,128,395,AG529,en,iOS,1,2025-08-14 05:00:00
USR000487,True,True,False,False,AGENT_BUSY_QUEUE,28,606,AG110,mr,Android,1,2025-11-16 13:00:00
USR000576,True,True,False,True,PAN_BLUR,397,309,AG338,en,Web-Desktop,3,2025-05-12 20:00:00
USR000867,True,True,True,False,,284,340,AG877,mr,Android,1,2025-02-13 22:00:00
USR000972,True,True,False,True,LANGUAGE_BARRIER,183,547,AG151,hi,iOS,1,2025-06-03 07:00:00
USR000078,True,True,True,False,,353,526,AG448,mr,Web-Desktop,1,2025-12-29 07:00:00
USR000901,True,True,True,False,,45,203,AG781,en,Android,1,2025-06-13 10:00:00
USR000575,True,True,False,False,USER_DROPPED,313,174,AG965,bn,iOS,1,2025-01-24 18:00:00
USR000862,True,True,True,False,,269,480,AG206,te,iOS,1,2025-12-18 07:00:00
USR000752,True,False,False,False,NEVER_OPENED_LINK,0,0,,kn,Android,1,2025-01-21 06:00:00
USR000292,True,True,False,True,CONSENT_NOT_GIVEN,340,647,AG758,hi,Web-Desktop,1,2025-08-24 15:00:00
USR000209,True,True,True,False,,332,711,AG841,hi,iOS,1,2025-11-02 03:00:00
USR000618,True,True,False,False,AGENT_BUSY_QUEUE,74,582,AG572,en,Android,1,2025-06-02 15:00:00
USR000708,True,True,True,False,,176,399,AG360,kn,Android,1,2025-07-02 10:00:00
USR000232,True,True,False,False,APP_CRASHED,417,652,AG853,en,iOS,2,2025-03-30 01:00:00
USR000631,True,True,True,False,,107,544,AG905,hi,iOS,1,2025-02-14 03:00:00
USR000874,True,True,True,False,,118,689,AG772,en,Android,3,2025-01-10 19:00:00
USR000378,True,True,False,False,APP_CRASHED,292,182,AG502,ta,Android,1,2025-03-28 14:00:00
USR000850,True,True,True,False,,231,580,AG298,en,iOS,1,2025-01-10 10:00:00
USR000663,True,True,True,False,,294,569,AG756,hi,Android,2,2025-12-26 05:00:00
USR000452,True,True,False,False,USER_DROPPED,51,579,AG569,hi,Web-Desktop,2,2026-04-24 19:00:00
USR000977,True,True,False,True,LANGUAGE_BARRIER,392,241,AG184,ta,Android,1,2025-07-26 04:00:00
USR000561,True,True,False,False,APP_CRASHED,164,302,AG290,en,iOS,2,2025-05-20 06:00:00
USR000884,True,True,True,False,,65,487,AG994,en,Web-Desktop,2,2025-07-30 04:00:00
USR000888,True,True,False,False,USER_DROPPED,396,165,AG257,bn,Android,1,2025-12-06 17:00:00
USR000266,True,True,True,False,,325,302,AG472,en,Android,1,2025-11-21 09:00:00
USR000453,True,True,False,False,AGENT_BUSY_QUEUE,276,544,AG277,en,iOS,1,2025-12-14 01:00:00
USR000420,True,True,False,False,USER_DROPPED,324,356,AG263,mr,Web-Mobile,1,2025-05-03 19:00:00
USR000962,True,False,False,False,NEVER_OPENED_LINK,0,0,,en,iOS,2,2025-07-10 13:00:00
USR000358,True,False,False,False,DEVICE_NOT_SUPPORTED,0,0,,hi,Android,2,2025-03-13 21:00:00
USR000003,True,True,False,False,AGENT_BUSY_QUEUE,147,227,AG703,hi,Web-Mobile,1,2026-03-25 17:00:00
USR000349,True,True,False,True,PAN_BLUR,315,219,AG526,ta,Android,1,2026-01-06 20:00:00
USR000305,True,True,False,True,CONSENT_NOT_GIVEN,71,139,AG482,ta,Web-Desktop,1,2026-01-21 11:00:00
USR000512,True,False,False,False,NEVER_OPENED_LINK,0,0,,hi,Android,1,2026-01-19 13:00:00
USR000385,True,True,False,False,AGENT_BUSY_QUEUE,42,485,AG252,ml,Android,1,2025-06-24 07:00:00
USR000508,True,True,True,False,,50,667,AG753,hi,Web-Desktop,1,2025-05-12 16:00:00
USR000271,True,True,True,False,,375,127,AG608,hi,Android,2,2025-07-18 20:00:00
USR000821,True,True,True,False,,393,156,AG440,ta,Android,1,2026-03-09 21:00:00
USR000274,True,True,False,False,APP_CRASHED,150,443,AG247,en,iOS,1,2025-09-28 06:00:00
USR000668,True,True,True,False,,402,331,AG193,hi,Android,2,2026-01-14 17:00:00
USR000345,True,False,False,False,NEVER_OPENED_LINK,0,0,,hi,Android,1,2025-09-20 17:00:00
USR000219,True,True,True,False,,167,400,AG650,mr,Android,1,2025-03-14 07:00:00
USR000084,True,True,True,False,,48,426,AG666,bn,iOS,1,2025-08-31 03:00:00
USR000252,True,True,True,False,,96,530,AG232,en,Android,1,2025-03-11 21:00:00
USR000936,True,True,True,False,,224,204,AG707,kn,Web-Desktop,1,2025-01-08 07:00:00
USR000820,True,True,True,False,,328,128,AG497,ta,iOS,2,2025-09-07 20:00:00
USR000513,True,True,True,False,,178,661,AG136,en,Android,1,2026-05-11 21:00:00
USR000801,True,True,False,False,APP_CRASHED,150,432,AG172,en,Android,1,2025-09-30 01:00:00
USR000428,True,True,True,False,,383,366,AG124,te,Web-Desktop,3,2025-10-03 20:00:00
USR000492,True,False,False,False,BANDWIDTH_LOW,0,0,,en,Android,1,2026-01-22 09:00:00
USR000533,True,True,False,True,LANGUAGE_BARRIER,251,643,AG631,en,Android,1,2025-12-26 12:00:00
USR000130,True,True,True,False,,156,215,AG580,hi,Android,1,2025-08-23 17:00:00
USR000205,True,True,True,False,,99,202,AG717,hi,iOS,1,2025-05-31 19:00:00
USR000438,True,True,True,False,,48,662,AG179,hi,Android,1,2026-04-03 07:00:00
USR000183,True,True,True,False,,417,388,AG904,hi,Web-Mobile,1,2025-09-14 10:00:00
USR000990,True,True,True,False,,339,661,AG673,bn,Android,1,2025-07-07 20:00:00
USR000507,True,True,True,False,,44,433,AG143,en,iOS,1,2025-11-19 10:00:00
USR000767,True,True,False,True,PAN_BLUR,211,207,AG114,ta,Android,1,2026-01-25 18:00:00
USR000661,True,True,False,False,APP_CRASHED,160,421,AG564,kn,Android,1,2025-11-20 05:00:00
USR000984,True,True,True,False,,372,675,AG425,en,Android,3,2025-07-11 03:00:00
USR000279,True,True,False,False,USER_DROPPED,310,295,AG200,hi,Android,2,2025-02-08 11:00:00
USR000745,True,False,False,False,DEVICE_NOT_SUPPORTED,0,0,,en,iOS,1,2025-01-23 08:00:00
USR000152,True,False,False,False,DEVICE_NOT_SUPPORTED,0,0,,bn,Android,1,2025-10-24 16:00:00
USR000649,True,True,False,False,AGENT_BUSY_QUEUE,328,336,AG742,hi,Android,1,2025-02-28 08:00:00
USR000208,True,False,False,False,DEVICE_NOT_SUPPORTED,0,0,,hi,Web-Mobile,1,2025-03-09 23:00:00
USR000841,True,True,True,False,,258,342,AG110,kn,Android,1,2026-03-25 22:00:00
USR000488,True,True,True,False,,38,421,AG787,en,Android,2,2025-12-14 10:00:00
USR000678,True,True,True,False,,184,541,AG584,en,Android,1,2026-02-24 22:00:00
USR000304,True,False,False,False,BANDWIDTH_LOW,0,0,,bn,iOS,2,2025-03-19 20:00:00
USR000041,True,False,False,False,BANDWIDTH_LOW,0,0,,en,iOS,1,2025-10-05 16:00:00
USR000321,True,True,True,False,,407,173,AG377,en,Web-Desktop,1,2025-12-09 03:00:00
USR000646,True,False,False,False,DEVICE_NOT_SUPPORTED,0,0,,te,Android,1,2025-08-17 09:00:00
USR000093,True,True,True,False,,235,528,AG354,hi,Web-Desktop,1,2026-03-28 02:00:00
USR000985,True,True,True,False,,409,606,AG298,mr,Android,1,2026-02-15 08:00:00
USR000723,True,False,False,False,BANDWIDTH_LOW,0,0,,en,Android,1,2026-02-24 21:00:00
USR000074,True,True,True,False,,272,327,AG480,hi,Android,1,2025-10-10 07:00:00
USR000806,True,True,True,False,,189,325,AG223,hi,Android,2,2026-04-20 22:00:00
USR000450,True,True,True,False,,389,503,AG734,en,iOS,1,2025-04-28 05:00:00
USR000371,True,False,False,False,BANDWIDTH_LOW,0,0,,en,Android,1,2025-11-22 01:00:00
USR000493,True,False,False,False,BANDWIDTH_LOW,0,0,,hi,Web-Desktop,1,2026-01-11 00:00:00
USR000669,True,True,True,False,,372,431,AG846,hi,iOS,1,2025-01-09 15:00:00
USR000873,True,True,False,False,USER_DROPPED,55,324,AG355,en,iOS,1,2026-02-22 03:00:00
USR000239,True,True,True,False,,99,525,AG242,en,iOS,1,2025-04-27 05:00:00
USR000161,True,False,False,False,NEVER_OPENED_LINK,0,0,,en,Android,1,2026-03-07 00:00:00
USR000150,True,True,True,False,,251,415,AG986,en,Android,2,2025-04-03 19:00:00
USR000568,True,True,True,False,,129,510,AG363,hi,Android,1,2025-01-24 15:00:00
USR000198,True,True,False,False,APP_CRASHED,333,409,AG867,hi,Web-Desktop,1,2025-06-25 13:00:00
USR000444,True,True,False,False,USER_DROPPED,98,436,AG749,en,Web-Desktop,1,2025-11-07 07:00:00
USR000113,True,False,False,False,NEVER_OPENED_LINK,0,0,,en,iOS,1,2026-03-21 14:00:00
USR000203,True,True,True,False,,40,286,AG860,mr,Android,1,2025-12-09 09:00:00
USR000534,True,False,False,False,BANDWIDTH_LOW,0,0,,hi,Android,2,2025-02-04 11:00:00
USR000898,True,True,True,False,,218,701,AG133,en,Android,1,2025-01-31 15:00:00
USR000316,True,False,False,False,DEVICE_NOT_SUPPORTED,0,0,,te,Android,1,2026-03-29 17:00:00
USR000187,True,True,False,False,USER_DROPPED,235,630,AG567,bn,Android,1,2026-02-07 02:00:00
USR000017,True,False,False,False,DEVICE_NOT_SUPPORTED,0,0,,bn,iOS,1,2025-02-21 13:00:00
USR000696,True,True,False,True,CONSENT_NOT_GIVEN,61,298,AG793,bn,Android,1,2025-11-22 07:00:00
USR000799,True,True,True,False,,299,205,AG137,kn,Web-Desktop,1,2025-05-25 11:00:00
USR000055,True,False,False,False,BANDWIDTH_LOW,0,0,,en,Android,1,2026-04-13 09:00:00
USR000135,True,True,True,False,,188,413,AG558,mr,Android,1,2025-03-24 01:00:00
USR000560,True,True,True,False,,355,359,AG492,hi,Web-Desktop,1,2026-03-28 03:00:00
USR000495,True,True,True,False,,372,707,AG968,ta,Android,1,2025-02-11 01:00:00
USR000673,True,True,False,False,APP_CRASHED,277,500,AG560,en,Android,1,2026-02-24 05:00:00
USR000249,True,False,False,False,DEVICE_NOT_SUPPORTED,0,0,,en,Android,1,2025-09-14 21:00:00
USR000704,True,False,False,False,BANDWIDTH_LOW,0,0,,bn,Android,1,2025-12-15 14:00:00
USR000976,True,False,False,False,NEVER_OPENED_LINK,0,0,,hi,Web-Desktop,2,2025-06-22 18:00:00
USR000740,True,True,True,False,,36,700,AG258,kn,Android,1,2025-06-11 01:00:00
USR000006,True,False,False,False,DEVICE_NOT_SUPPORTED,0,0,,en,iOS,1,2025-10-09 22:00:00
USR000922,True,True,True,False,,332,647,AG933,en,Android,1,2025-04-20 19:00:00
USR000419,True,True,True,False,,111,612,AG410,kn,Web-Mobile,1,2025-09-27 02:00:00
USR000185,True,True,False,False,APP_CRASHED,339,157,AG471,hi,Web-Mobile,1,2025-08-20 06:00:00
USR000496,True,True,True,False,,125,701,AG345,hi,Android,1,2025-11-07 08:00:00
USR000643,True,True,True,False,,372,527,AG146,en,iOS,1,2026-04-25 05:00:00
USR000344,True,True,True,False,,190,168,AG498,en,Android,1,2025-09-04 23:00:00
USR000400,True,True,False,False,APP_CRASHED,320,165,AG152,bn,Android,1,2025-09-27 00:00:00
USR000159,True,False,False,False,BANDWIDTH_LOW,0,0,,en,Android,1,2025-10-23 08:00:00
USR000593,True,True,True,False,,377,173,AG388,bn,iOS,1,2025-08-10 08:00:00
USR000354,True,True,False,True,OTP_FAIL,71,277,AG332,te,Android,1,2025-06-06 19:00:00
USR000155,True,True,True,False,,328,318,AG333,en,Web-Desktop,2,2025-08-23 13:00:00
USR000132,True,True,False,False,APP_CRASHED,204,672,AG265,en,Android,1,2025-02-16 23:00:00
USR000748,True,True,True,False,,129,627,AG910,en,iOS,1,2025-11-22 09:00:00
USR000856,True,True,True,False,,126,406,AG437,hi,iOS,1,2025-12-06 11:00:00
USR000763,True,True,True,False,,310,404,AG499,hi,Web-Desktop,2,2025-04-28 03:00:00
USR000302,True,True,True,False,,72,366,AG731,en,Web-Desktop,1,2025-08-29 09:00:00
USR000935,True,True,False,False,APP_CRASHED,152,336,AG300,hi,Android,1,2025-09-26 20:00:00
USR000612,True,False,False,False,BANDWIDTH_LOW,0,0,,en,Android,3,2025-01-25 20:00:00
USR000228,True,True,True,False,,395,121,AG718,mr,Web-Mobile,1,2025-12-11 22:00:00
USR000149,True,False,False,False,NEVER_OPENED_LINK,0,0,,en,Android,2,2026-03-09 14:00:00
USR000440,True,True,False,False,APP_CRASHED,243,670,AG647,bn,Android,1,2025-08-31 06:00:00
USR000471,True,True,True,False,,18,681,AG150,ta,Android,1,2025-02-24 15:00:00
USR000265,True,True,True,False,,253,275,AG525,mr,Android,1,2025-08-22 13:00:00
USR000722,True,False,False,False,NEVER_OPENED_LINK,0,0,,hi,Web-Desktop,1,2026-01-09 19:00:00
USR000339,True,True,True,False,,313,525,AG428,en,Web-Desktop,1,2026-02-23 05:00:00
USR000819,True,True,True,False,,57,122,AG539,hi,Android,1,2026-04-30 23:00:00
USR000157,True,True,True,False,,337,569,AG351,hi,Web-Mobile,1,2025-08-02 20:00:00
USR000705,True,True,True,False,,197,698,AG708,hi,Android,3,2025-03-02 13:00:00
USR000053,True,False,False,False,NEVER_OPENED_LINK,0,0,,en,iOS,1,2026-04-26 05:00:00
USR000532,True,False,False,False,BANDWIDTH_LOW,0,0,,en,Android,1,2025-04-29 17:00:00
USR000137,True,True,False,True,FACE_MISMATCH,401,129,AG774,te,Web-Mobile,1,2026-02-16 23:00:00
USR000434,True,True,True,False,,196,267,AG936,en,Web-Mobile,1,2025-07-07 05:00:00
USR000694,True,False,False,False,NEVER_OPENED_LINK,0,0,,hi,iOS,1,2025-05-02 02:00:00
USR000830,True,True,False,True,LANGUAGE_BARRIER,329,649,AG169,kn,Android,1,2026-03-02 04:00:00
USR000027,True,True,True,False,,217,310,AG375,hi,Android,1,2025-11-29 10:00:00
USR000876,True,True,True,False,,117,459,AG545,en,Android,1,2025-04-20 18:00:00
USR000357,True,True,False,False,APP_CRASHED,308,460,AG869,ml,Android,1,2025-04-07 16:00:00
USR000609,True,False,False,False,NEVER_OPENED_LINK,0,0,,en,Android,1,2025-03-21 12:00:00
USR000527,True,True,True,False,,19,467,AG792,mr,Android,1,2025-01-04 08:00:00
USR000765,True,True,True,False,,30,432,AG521,en,Android,1,2026-05-04 16:00:00
USR000109,True,True,True,False,,60,430,AG426,bn,Web-Mobile,1,2026-02-28 00:00:00
USR000457,True,False,False,False,NEVER_OPENED_LINK,0,0,,te,Android,1,2025-04-05 18:00:00
USR000779,True,True,True,False,,411,558,AG116,en,Android,1,2025-10-17 00:00:00
USR000906,True,False,False,False,NEVER_OPENED_LINK,0,0,,hi,Android,2,2025-07-02 02:00:00
USR000224,True,True,True,False,,350,486,AG302,bn,Web-Desktop,1,2025-04-03 06:00:00
USR000981,True,True,True,False,,104,720,AG871,hi,Android,1,2025-02-28 22:00:00
USR000785,True,True,True,False,,175,576,AG275,hi,Android,2,2026-02-15 13:00:00
USR000101,True,True,True,False,,312,573,AG745,en,Web-Desktop,1,2025-08-16 23:00:00
USR000448,True,True,True,False,,75,313,AG667,hi,Android,1,2025-10-29 11:00:00
USR000845,True,False,False,False,BANDWIDTH_LOW,0,0,,hi,Android,1,2025-03-10 01:00:00
USR000082,True,True,False,False,USER_DROPPED,22,687,AG855,en,Android,1,2025-08-20 10:00:00
USR000729,True,True,False,False,AGENT_BUSY_QUEUE,40,277,AG645,ta,Android,2,2025-08-03 03:00:00
USR000131,True,True,False,False,USER_DROPPED,261,456,AG490,gu,iOS,3,2025-03-10 02:00:00
USR000295,True,True,True,False,,338,676,AG843,ta,iOS,1,2025-07-21 01:00:00
USR000881,True,True,True,False,,252,510,AG670,hi,Android,1,2025-09-27 11:00:00
USR000015,True,False,False,False,BANDWIDTH_LOW,0,0,,ta,Web-Desktop,1,2025-10-22 01:00:00
USR000837,True,True,True,False,,206,265,AG126,kn,Web-Mobile,2,2026-03-24 08:00:00
USR000195,True,True,False,True,OTP_FAIL,284,539,AG129,en,Android,1,2025-12-20 16:00:00
USR000933,True,True,True,False,,228,387,AG187,en,Web-Desktop,1,2025-08-10 14:00:00
USR000056,True,True,False,False,USER_DROPPED,317,291,AG999,hi,Android,3,2025-12-07 05:00:00
USR000202,True,True,True,False,,209,692,AG900,hi,Android,1,2025-11-12 11:00:00
USR000430,True,True,True,False,,160,444,AG131,en,Web-Mobile,1,2026-04-23 00:00:00
USR000009,True,True,True,False,,149,708,AG884,en,Android,1,2026-04-21 20:00:00
USR000553,True,True,True,False,,362,469,AG200,te,iOS,1,2025-05-06 23:00:00
USR000145,True,True,True,False,,41,265,AG181,kn,Web-Mobile,1,2025-11-23 17:00:00
USR000482,True,False,False,False,NEVER_OPENED_LINK,0,0,,gu,iOS,1,2025-05-02 10:00:00
USR000530,True,False,False,False,BANDWIDTH_LOW,0,0,,en,Web-Mobile,3,2025-12-25 21:00:00
USR000114,True,True,False,False,AGENT_BUSY_QUEUE,150,208,AG474,kn,Android,1,2026-01-14 19:00:00
USR000359,True,True,True,False,,230,611,AG752,hi,Android,1,2025-01-22 22:00:00
USR000728,True,True,True,False,,170,647,AG460,hi,iOS,1,2026-04-24 04:00:00
USR000455,True,False,False,False,NEVER_OPENED_LINK,0,0,,hi,Web-Mobile,1,2025-11-21 01:00:00
USR000732,True,True,False,False,APP_CRASHED,298,507,AG190,te,Android,1,2025-08-08 18:00:00
USR000367,True,False,False,False,BANDWIDTH_LOW,0,0,,ta,Web-Desktop,1,2025-03-03 10:00:00
USR000715,True,False,False,False,BANDWIDTH_LOW,0,0,,kn,Web-Mobile,1,2025-10-18 17:00:00
USR000537,True,True,False,False,USER_DROPPED,380,377,AG392,en,iOS,1,2025-05-01 21:00:00
USR000284,True,True,False,False,APP_CRASHED,279,235,AG964,en,Web-Mobile,2,2025-08-08 08:00:00
USR000598,True,True,True,False,,335,521,AG565,hi,Web-Desktop,1,2025-05-18 09:00:00
USR000927,True,True,True,False,,28,659,AG527,ta,Android,1,2025-12-21 06:00:00
USR000913,True,True,True,False,,312,156,AG323,ta,Web-Mobile,1,2025-11-28 03:00:00
USR000366,True,True,True,False,,357,460,AG761,hi,Android,3,2025-11-13 01:00:00
USR000735,True,True,True,False,,121,536,AG983,en,Android,1,2025-05-11 08:00:00
USR000364,True,False,False,False,NEVER_OPENED_LINK,0,0,,mr,Android,1,2025-07-01 23:00:00
USR000648,True,True,False,True,PAN_BLUR,146,276,AG382,en,Android,1,2026-03-08 15:00:00
USR000164,True,True,True,False,,113,208,AG476,gu,Web-Desktop,1,2026-02-16 00:00:00
USR000535,True,False,False,False,DEVICE_NOT_SUPPORTED,0,0,,hi,Android,1,2025-06-05 01:00:00
USR000071,True,True,True,False,,251,173,AG285,en,Android,1,2025-02-06 20:00:00
USR000046,True,True,True,False,,43,716,AG640,hi,Android,1,2025-11-17 14:00:00
USR000674,True,True,False,True,LANGUAGE_BARRIER,40,494,AG802,hi,Web-Mobile,1,2025-07-20 16:00:00
USR000828,True,False,False,False,DEVICE_NOT_SUPPORTED,0,0,,mr,Android,1,2025-10-26 16:00:00
USR000803,True,True,True,False,,85,705,AG350,en,Web-Mobile,1,2025-09-08 19:00:00
USR000216,True,True,True,False,,129,577,AG905,en,iOS,1,2025-06-05 17:00:00
USR000112,True,False,False,False,NEVER_OPENED_LINK,0,0,,en,Android,1,2025-07-01 20:00:00
USR000630,True,True,False,False,APP_CRASHED,342,379,AG637,mr,iOS,1,2025-07-05 04:00:00
USR000619,True,False,False,False,DEVICE_NOT_SUPPORTED,0,0,,mr,Web-Desktop,2,2025-12-12 07:00:00
USR000672,True,True,True,False,,163,145,AG600,hi,iOS,1,2025-04-15 11:00:00
USR000982,True,False,False,False,BANDWIDTH_LOW,0,0,,en,Android,1,2025-11-25 12:00:00
USR000525,True,True,True,False,,70,635,AG983,mr,Android,3,2025-02-20 04:00:00
USR000591,True,False,False,False,BANDWIDTH_LOW,0,0,,en,Android,2,2025-11-30 07:00:00
USR000412,True,True,True,False,,323,625,AG113,mr,Android,1,2025-09-30 16:00:00
USR000784,True,True,False,False,AGENT_BUSY_QUEUE,166,704,AG399,bn,Web-Desktop,1,2026-01-22 20:00:00
USR000373,True,True,False,True,OTP_FAIL,143,407,AG769,ml,Web-Mobile,1,2025-06-11 02:00:00
USR000381,True,False,False,False,NEVER_OPENED_LINK,0,0,,mr,Android,1,2025-05-19 07:00:00
USR000191,True,True,True,False,,206,175,AG156,kn,Android,2,2026-05-05 00:00:00
USR000237,True,True,True,False,,265,368,AG476,hi,Android,1,2026-02-03 01:00:00
USR000096,True,True,False,True,PAN_BLUR,86,716,AG900,en,Android,1,2025-07-22 00:00:00
USR000234,True,True,True,False,,313,628,AG637,kn,Web-Mobile,1,2025-08-01 08:00:00
USR000247,True,True,True,False,,29,593,AG216,en,Web-Desktop,1,2025-09-24 10:00:00
USR000340,True,True,True,False,,388,647,AG138,kn,Android,2,2026-01-11 07:00:00
USR000813,True,True,True,False,,83,608,AG633,gu,Web-Mobile,1,2026-04-05 07:00:00
USR000739,True,True,True,False,,70,425,AG623,en,Android,1,2026-04-16 00:00:00
USR000818,True,True,False,False,APP_CRASHED,232,629,AG172,hi,Web-Mobile,1,2026-04-15 05:00:00
USR000181,True,True,False,False,APP_CRASHED,296,307,AG181,ml,iOS,1,2025-08-12 02:00:00
USR000781,True,True,True,False,,292,425,AG934,mr,Android,1,2025-06-10 21:00:00
USR000520,True,True,True,False,,361,491,AG960,en,Web-Mobile,1,2025-12-05 02:00:00
USR000355,True,True,False,False,APP_CRASHED,243,484,AG921,hi,Web-Desktop,1,2026-03-19 20:00:00
USR000020,True,True,True,False,,81,700,AG440,hi,Android,1,2026-04-29 11:00:00
USR000240,True,True,True,False,,112,588,AG494,hi,Android,2,2025-06-08 03:00:00
USR000551,True,False,False,False,BANDWIDTH_LOW,0,0,,hi,Android,1,2025-06-22 00:00:00
USR000336,True,True,True,False,,371,643,AG120,te,iOS,1,2026-03-27 19:00:00
USR000647,True,False,False,False,NEVER_OPENED_LINK,0,0,,mr,iOS,1,2025-06-03 15:00:00
USR000010,True,True,True,False,,301,127,AG360,gu,Web-Mobile,2,2026-04-22 12:00:00
USR000288,True,False,False,False,BANDWIDTH_LOW,0,0,,mr,Web-Mobile,1,2025-09-16 07:00:00
USR000276,True,True,True,False,,313,523,AG925,hi,iOS,1,2026-01-12 12:00:00
USR000569,True,True,True,False,,147,199,AG910,en,Android,1,2026-01-05 22:00:00
USR000391,True,True,False,False,USER_DROPPED,222,340,AG278,bn,Android,1,2026-03-03 05:00:00
USR000836,True,True,True,False,,230,482,AG759,en,Web-Desktop,2,2025-12-14 01:00:00
USR000051,True,True,False,False,APP_CRASHED,146,314,AG620,ta,iOS,1,2025-11-11 19:00:00
USR000839,True,False,False,False,DEVICE_NOT_SUPPORTED,0,0,,en,Android,1,2025-11-28 05:00:00
USR000049,True,True,False,False,APP_CRASHED,359,581,AG719,hi,Web-Desktop,1,2025-06-02 01:00:00
USR000081,True,True,True,False,,172,220,AG453,hi,iOS,2,2025-08-16 06:00:00
USR000416,True,True,True,False,,281,451,AG300,bn,Web-Desktop,1,2025-09-28 04:00:00
USR000919,True,False,False,False,DEVICE_NOT_SUPPORTED,0,0,,hi,Android,1,2025-05-12 00:00:00
USR000211,True,True,True,False,,323,416,AG364,en,Android,2,2025-11-10 20:00:00
USR000924,True,True,True,False,,299,614,AG687,en,iOS,3,2025-03-09 14:00:00
USR000638,True,True,True,False,,211,185,AG204,mr,Web-Mobile,1,2025-12-16 04:00:00
USR000060,True,True,True,False,,60,313,AG927,hi,Web-Desktop,3,2025-01-07 03:00:00
USR000002,True,False,False,False,BANDWIDTH_LOW,0,0,,ta,Web-Mobile,1,2025-10-24 15:00:00
USR000050,True,False,False,False,NEVER_OPENED_LINK,0,0,,en,Web-Desktop,1,2025-10-20 06:00:00
USR000319,True,True,False,False,AGENT_BUSY_QUEUE,28,493,AG524,ta,iOS,2,2025-07-23 18:00:00
USR000697,True,False,False,False,DEVICE_NOT_SUPPORTED,0,0,,hi,Web-Desktop,1,2025-01-08 23:00:00
USR000169,True,True,True,False,,305,610,AG364,hi,iOS,2,2026-02-26 18:00:00
USR000107,True,True,False,False,APP_CRASHED,254,559,AG339,en,Android,1,2025-07-13 07:00:00
USR000787,True,True,False,True,POOR_LIGHTING,236,419,AG236,en,Android,1,2026-01-09 12:00:00
USR000601,True,True,False,True,PAN_BLUR,417,671,AG638,en,Web-Desktop,1,2025-02-10 10:00:00
USR000671,True,True,False,True,OTP_FAIL,378,413,AG676,bn,Web-Desktop,2,2025-07-04 05:00:00
USR000550,True,True,True,False,,339,382,AG129,en,Web-Mobile,1,2025-07-06 17:00:00
USR000875,True,True,True,False,,73,354,AG119,gu,Android,1,2026-03-01 19:00:00
USR000583,True,False,False,False,NEVER_OPENED_LINK,0,0,,en,Web-Mobile,1,2025-12-22 05:00:00
USR000835,True,True,True,False,,393,379,AG846,te,Web-Desktop,2,2025-03-19 12:00:00
USR000842,True,True,False,True,CONSENT_NOT_GIVEN,232,590,AG597,hi,Android,1,2026-04-01 20:00:00
USR000397,True,False,False,False,DEVICE_NOT_SUPPORTED,0,0,,bn,Web-Mobile,1,2025-11-09 10:00:00
USR000712,True,True,True,False,,63,225,AG593,en,Web-Mobile,1,2025-07-24 13:00:00
USR000917,True,True,True,False,,304,375,AG440,hi,Android,1,2025-09-15 04:00:00
USR000503,True,True,True,False,,366,638,AG872,en,Android,1,2025-05-02 05:00:00
USR000199,True,True,False,True,POOR_LIGHTING,109,394,AG617,en,Android,1,2026-04-05 08:00:00
USR000822,True,True,True,False,,219,198,AG793,en,Android,1,2025-02-16 13:00:00
USR000116,True,True,False,False,USER_DROPPED,122,584,AG850,en,Web-Desktop,1,2025-08-18 20:00:00
USR000188,True,False,False,False,BANDWIDTH_LOW,0,0,,mr,Web-Desktop,1,2025-03-04 03:00:00
USR000377,True,False,False,False,DEVICE_NOT_SUPPORTED,0,0,,mr,iOS,1,2025-08-04 18:00:00
USR000769,True,True,True,False,,414,245,AG678,bn,Android,1,2025-09-21 22:00:00
USR000713,True,True,False,True,POOR_LIGHTING,230,616,AG464,hi,iOS,1,2025-04-30 14:00:00
USR000402,True,False,False,False,BANDWIDTH_LOW,0,0,,gu,Web-Desktop,1,2026-02-21 00:00:00
USR000911,True,True,False,False,AGENT_BUSY_QUEUE,164,235,AG697,hi,Android,1,2026-03-14 20:00:00
USR000950,True,True,False,False,USER_DROPPED,15,306,AG890,en,iOS,1,2025-08-31 23:00:00
USR000156,True,True,True,False,,102,488,AG151,en,Android,1,2025-12-09 16:00:00
USR000045,True,True,True,False,,357,248,AG123,en,Web-Desktop,1,2025-08-10 01:00:00
USR000394,True,True,False,False,USER_DROPPED,31,640,AG145,kn,iOS,1,2025-09-04 07:00:00
USR000863,True,True,True,False,,201,325,AG404,hi,iOS,1,2025-11-24 14:00:00
USR000912,True,True,True,False,,222,161,AG383,en,Android,1,2026-01-14 16:00:00
USR000716,True,True,True,False,,383,709,AG237,hi,Android,1,2026-01-11 18:00:00
USR000988,True,True,True,False,,205,131,AG287,kn,Web-Desktop,1,2025-10-06 19:00:00
USR000872,True,True,False,False,APP_CRASHED,234,682,AG299,ta,Android,2,2025-04-12 15:00:00
USR000275,True,True,False,False,APP_CRASHED,24,658,AG956,hi,Android,2,2025-03-21 14:00:00
USR000782,True,True,True,False,,213,403,AG810,ml,iOS,1,2025-08-03 15:00:00
USR000607,True,False,False,False,BANDWIDTH_LOW,0,0,,en,Android,1,2025-12-05 10:00:00
USR000680,True,True,True,False,,97,374,AG634,hi,iOS,1,2025-09-09 03:00:00
USR000531,True,False,False,False,NEVER_OPENED_LINK,0,0,,en,Android,1,2025-06-25 19:00:00
USR000559,True,True,False,True,POOR_LIGHTING,307,261,AG761,en,iOS,1,2025-08-29 16:00:00
USR000582,True,True,True,False,,381,335,AG711,en,iOS,1,2025-12-15 01:00:00
USR000256,True,True,False,True,LANGUAGE_BARRIER,103,281,AG586,hi,iOS,1,2026-05-07 02:00:00
USR000947,True,False,False,False,DEVICE_NOT_SUPPORTED,0,0,,hi,Web-Desktop,2,2025-08-16 02:00:00
USR000300,True,False,False,False,BANDWIDTH_LOW,0,0,,ml,iOS,1,2025-12-18 05:00:00
USR000129,True,True,True,False,,418,326,AG838,hi,iOS,1,2025-07-08 17:00:00
USR000965,True,True,True,False,,90,141,AG995,ml,Android,1,2025-03-02 17:00:00
USR000951,True,True,False,False,APP_CRASHED,186,344,AG178,hi,iOS,1,2025-07-05 00:00:00
USR000117,True,False,False,False,BANDWIDTH_LOW,0,0,,hi,Android,1,2025-02-07 16:00:00
USR000792,True,True,True,False,,335,265,AG182,te,Android,1,2025-06-28 19:00:00
USR000122,True,True,False,False,USER_DROPPED,20,597,AG789,kn,Android,1,2025-02-24 21:00:00
USR000329,True,True,True,False,,386,352,AG128,te,Android,1,2025-08-23 02:00:00
USR000810,True,True,False,False,USER_DROPPED,277,315,AG489,en,Web-Desktop,2,2025-05-16 12:00:00
USR000869,True,True,True,False,,381,526,AG938,ml,Android,1,2025-01-22 00:00:00
USR000854,True,True,False,False,AGENT_BUSY_QUEUE,23,612,AG923,te,Web-Desktop,3,2025-03-13 20:00:00
USR000127,True,True,False,False,USER_DROPPED,191,372,AG840,en,Android,2,2026-04-20 12:00:00
USR000866,True,True,True,False,,279,230,AG128,en,Android,1,2026-03-20 01:00:00
USR000762,True,True,False,False,USER_DROPPED,154,358,AG278,ta,iOS,1,2025-01-17 21:00:00
USR000667,True,True,True,False,,386,455,AG360,ta,Android,1,2025-10-30 07:00:00
USR000301,True,True,True,False,,205,648,AG580,en,Web-Mobile,1,2025-01-17 06:00:00
USR000914,True,True,False,False,USER_DROPPED,317,658,AG592,en,iOS,1,2025-07-01 07:00:00
USR000375,True,True,False,False,USER_DROPPED,395,329,AG475,hi,Android,1,2026-02-28 19:00:00
USR000650,True,True,True,False,,79,336,AG185,hi,Android,1,2026-05-03 20:00:00
USR000686,True,True,True,False,,81,367,AG776,gu,Android,1,2025-07-01 17:00:00
USR000858,True,True,False,False,APP_CRASHED,69,555,AG290,kn,Android,1,2025-09-23 06:00:00
USR000491,True,True,True,False,,183,597,AG300,ta,iOS,1,2025-02-03 02:00:00
USR000952,True,True,True,False,,73,515,AG119,en,Android,2,2025-11-10 08:00:00
USR000800,True,True,True,False,,185,214,AG881,bn,Android,1,2025-04-10 06:00:00
USR000368,True,False,False,False,BANDWIDTH_LOW,0,0,,en,Android,1,2025-09-23 04:00:00
USR000584,True,True,True,False,,301,230,AG683,hi,Web-Mobile,1,2026-02-14 12:00:00
USR000186,True,True,True,False,,401,368,AG248,hi,Android,2,2025-10-09 00:00:00
USR000369,True,True,False,True,PAN_BLUR,194,514,AG407,en,Android,1,2026-01-04 11:00:00
USR000255,True,True,False,True,OTP_FAIL,96,361,AG677,en,Android,1,2025-06-08 15:00:00
USR000973,True,True,False,True,CONSENT_NOT_GIVEN,104,567,AG203,en,Android,1,2025-01-18 14:00:00
USR000273,True,True,False,True,FACE_MISMATCH,281,719,AG387,ta,Android,1,2025-11-08 20:00:00
USR000770,True,False,False,False,DEVICE_NOT_SUPPORTED,0,0,,hi,Android,1,2025-07-04 06:00:00
USR000325,True,True,False,False,AGENT_BUSY_QUEUE,127,284,AG308,ta,Android,1,2025-08-16 21:00:00
USR000948,True,True,False,False,APP_CRASHED,132,425,AG848,en,Android,3,2026-02-25 23:00:00
USR000456,True,True,True,False,,335,231,AG836,en,iOS,1,2025-07-29 18:00:00
USR000675,True,False,False,False,NEVER_OPENED_LINK,0,0,,ta,Android,1,2026-02-17 09:00:00
USR000585,True,True,False,True,PAN_BLUR,112,210,AG685,hi,Android,1,2026-04-04 08:00:00
USR000332,True,True,True,False,,15,365,AG426,bn,Android,2,2026-01-30 09:00:00
USR000484,True,True,True,False,,198,432,AG956,en,Android,1,2025-11-25 03:00:00
USR000399,True,False,False,False,NEVER_OPENED_LINK,0,0,,en,Android,2,2025-01-25 12:00:00
USR000178,True,True,False,False,USER_DROPPED,419,151,AG150,bn,Web-Mobile,1,2025-07-16 06:00:00
USR000308,True,True,True,False,,262,691,AG343,en,Android,1,2025-06-09 00:00:00
USR000871,True,False,False,False,DEVICE_NOT_SUPPORTED,0,0,,ta,Web-Mobile,1,2025-07-05 14:00:00
USR000182,True,True,False,True,LANGUAGE_BARRIER,351,689,AG519,en,iOS,2,2025-10-12 02:00:00
USR000730,True,True,True,False,,49,636,AG956,en,Web-Desktop,1,2026-04-30 06:00:00
USR000557,True,True,False,False,AGENT_BUSY_QUEUE,87,389,AG548,bn,Android,1,2026-01-29 03:00:00
USR000996,True,True,True,False,,31,253,AG753,en,Web-Desktop,1,2025-07-04 16:00:00
USR000432,True,True,True,False,,159,276,AG194,en,Web-Desktop,1,2026-04-24 18:00:00
USR000891,True,True,False,False,APP_CRASHED,160,175,AG268,hi,Android,2,2025-05-13 23:00:00
USR000795,True,False,False,False,BANDWIDTH_LOW,0,0,,mr,Web-Desktop,1,2026-03-17 18:00:00
USR000469,True,True,True,False,,367,689,AG665,ta,Android,1,2026-04-19 03:00:00
USR000761,True,True,True,False,,361,183,AG835,kn,Android,1,2025-09-19 13:00:00
USR000171,True,True,True,False,,43,150,AG571,en,Android,1,2025-05-23 22:00:00
USR000968,True,True,True,False,,351,236,AG109,hi,Web-Desktop,1,2026-02-27 16:00:00
USR000979,True,False,False,False,DEVICE_NOT_SUPPORTED,0,0,,te,Android,1,2025-03-30 23:00:00
USR000877,True,False,False,False,BANDWIDTH_LOW,0,0,,ta,Android,1,2025-01-03 12:00:00
USR000771,True,False,False,False,BANDWIDTH_LOW,0,0,,en,Android,2,2026-04-03 09:00:00
USR000687,True,True,True,False,,395,525,AG196,ta,Android,1,2025-06-07 12:00:00
USR000664,True,True,True,False,,217,389,AG565,mr,Android,1,2026-02-09 10:00:00
USR000727,True,True,True,False,,361,657,AG366,en,iOS,1,2025-03-20 02:00:00
USR000167,True,True,False,False,USER_DROPPED,344,444,AG378,hi,Android,1,2025-07-02 10:00:00
USR000949,True,False,False,False,BANDWIDTH_LOW,0,0,,en,Android,1,2026-01-10 19:00:00
USR000136,True,True,True,False,,177,127,AG309,en,Web-Desktop,2,2026-04-26 08:00:00
USR000757,True,True,False,False,AGENT_BUSY_QUEUE,222,212,AG436,en,iOS,1,2025-10-09 21:00:00
USR000323,True,True,True,False,,139,233,AG763,bn,iOS,1,2025-10-18 19:00:00
USR000653,True,True,False,False,AGENT_BUSY_QUEUE,415,676,AG656,en,Android,1,2026-04-27 21:00:00
USR000807,True,False,False,False,DEVICE_NOT_SUPPORTED,0,0,,hi,Android,1,2026-03-07 07:00:00
USR000868,True,True,True,False,,297,423,AG419,hi,Android,1,2025-03-14 02:00:00
USR000154,True,True,True,False,,93,695,AG374,en,iOS,1,2025-06-22 16:00:00
USR000864,True,True,True,False,,154,355,AG223,hi,Web-Desktop,1,2025-12-14 11:00:00
USR000780,True,False,False,False,DEVICE_NOT_SUPPORTED,0,0,,gu,Android,1,2025-04-23 09:00:00
USR000083,True,False,False,False,DEVICE_NOT_SUPPORTED,0,0,,ta,Android,1,2025-08-11 21:00:00
USR000443,True,False,False,False,BANDWIDTH_LOW,0,0,,hi,iOS,1,2025-04-04 02:00:00
USR000459,True,False,False,False,NEVER_OPENED_LINK,0,0,,gu,Android,1,2026-04-11 18:00:00
USR000958,True,False,False,False,NEVER_OPENED_LINK,0,0,,hi,Web-Desktop,2,2025-08-29 19:00:00
USR000054,True,True,False,True,POOR_LIGHTING,347,208,AG312,en,Web-Desktop,1,2025-06-18 05:00:00
USR000563,True,True,True,False,,239,565,AG841,en,Android,2,2026-05-10 22:00:00
USR000236,True,False,False,False,DEVICE_NOT_SUPPORTED,0,0,,ta,Web-Mobile,1,2025-12-11 12:00:00
USR000980,True,True,True,False,,151,493,AG269,ta,Android,2,2026-04-10 13:00:00
USR000529,True,True,True,False,,260,660,AG801,mr,Web-Desktop,1,2025-07-21 01:00:00
USR000703,True,True,False,True,FACE_MISMATCH,374,607,AG840,bn,Android,1,2025-09-20 18:00:00
USR000307,True,True,True,False,,134,129,AG618,hi,Android,3,2025-03-31 21:00:00
USR000859,True,True,True,False,,282,240,AG464,bn,Android,1,2026-02-25 23:00:00
USR000091,True,True,True,False,,234,649,AG591,en,Android,1,2025-11-19 03:00:00
USR000021,True,True,True,False,,33,469,AG718,mr,Android,1,2026-01-03 12:00:00
USR000896,True,True,True,False,,268,261,AG612,hi,Android,1,2025-12-12 18:00:00
USR000418,True,False,False,False,DEVICE_NOT_SUPPORTED,0,0,,ta,iOS,1,2025-09-01 00:00:00
USR000176,True,False,False,False,DEVICE_NOT_SUPPORTED,0,0,,gu,Web-Desktop,1,2025-06-17 13:00:00
USR000679,True,True,True,False,,333,689,AG439,en,iOS,3,2026-04-11 05:00:00
USR000417,True,True,True,False,,294,131,AG218,hi,Web-Desktop,1,2026-01-04 13:00:00
USR000691,True,False,False,False,BANDWIDTH_LOW,0,0,,bn,Web-Desktop,1,2026-02-20 21:00:00
USR000829,True,True,False,False,USER_DROPPED,413,653,AG477,mr,iOS,1,2025-11-14 18:00:00
USR000289,True,True,True,False,,185,569,AG778,en,Web-Desktop,1,2025-03-28 21:00:00
USR000013,True,True,True,False,,407,598,AG254,en,Web-Desktop,2,2026-05-06 03:00:00
USR000426,True,True,False,True,PAN_BLUR,141,478,AG411,bn,Android,2,2025-10-18 03:00:00
USR000831,True,True,True,False,,234,646,AG983,en,iOS,1,2025-10-04 23:00:00
USR000264,True,True,False,False,APP_CRASHED,296,290,AG151,ta,iOS,1,2025-04-06 18:00:00
USR000140,True,True,False,True,POOR_LIGHTING,285,227,AG392,hi,Web-Mobile,2,2026-05-01 09:00:00
