fd_id,user_id,partner_bank,product_type,principal_inr,tenor_days,interest_rate_pa,compounding,booked_at,maturity_date,maturity_amount,status,auto_renew,nominee_added,tds_applicable,source_channel,language_at_booking
FD125970727,USR000058,HDFC,NON_CALLABLE,94700.0,132,7.82,QUARTERLY,2026-01-10 00:00:00,2026-05-22,97378.17,MATURED,False,True,True,Google Ads,mr
FD249281187,USR000153,SBIN,REGULAR_FD,44000.0,267,8.19,MONTHLY,2025-11-02 00:00:00,2026-07-27,46636.06,ACTIVE,False,True,True,Email,en
FD827823208,USR000153,SBIN,NON_CALLABLE,186300.0,26,8.34,QUARTERLY,2025-01-21 00:00:00,2025-02-16,187406.78,ACTIVE,True,True,True,Email,en
FD466739472,USR000367,RBL,CALLABLE,412700.0,71,6.9,QUARTERLY,2025-10-14 00:00:00,2025-12-24,418239.23,ACTIVE,True,True,True,Referral,ta
FD716299054,USR000256,RBL,CALLABLE,52700.0,678,6.98,QUARTERLY,2025-12-02 00:00:00,2027-10-11,59532.87,ACTIVE,False,True,True,Organic search,hi
FD663007225,USR000424,RBL,SWEEP_FD,47200.0,1243,7.93,MONTHLY,2025-11-20 00:00:00,2029-04-16,59946.57,ACTIVE,True,True,True,Organic search,ml
FD118243822,USR000863,AXIS,SENIOR_CITIZEN,12600.0,69,6.71,AT_MATURITY,2025-02-02 00:00:00,2025-04-12,12759.83,ACTIVE,False,True,False,Organic search,hi
FD595978179,USR000863,AXIS,REGULAR_FD,398100.0,649,6.59,AT_MATURITY,2026-03-25 00:00:00,2028-01-03,444747.61,ACTIVE,False,True,True,Organic search,hi
FD960451661,USR000091,ICIC,SWEEP_FD,23600.0,52,6.94,QUARTERLY,2025-05-01 00:00:00,2025-06-22,23833.34,ACTIVE,False,True,False,Google Ads,en
FD904619998,USR000335,KOTK,SENIOR_CITIZEN,136900.0,444,6.17,QUARTERLY,2025-05-13 00:00:00,2026-07-31,147174.93,ACTIVE,False,True,True,Email,hi
FD164472385,USR000389,RBL,SENIOR_CITIZEN,11800.0,1943,7.38,MONTHLY,2026-01-30 00:00:00,2031-05-27,16435.73,PREMATURE_WITHDRAWN,False,True,False,Direct,hi
FD888568891,USR000805,PUNB,REGULAR_FD,442400.0,52,6.04,QUARTERLY,2026-04-20 00:00:00,2026-06-11,446206.82,PREMATURE_WITHDRAWN,True,True,True,WhatsApp,bn
FD704145398,USR000805,PUNB,SENIOR_CITIZEN,6600.0,54,7.8,AT_MATURITY,2026-03-25 00:00:00,2026-05-18,6676.16,ACTIVE,True,False,False,WhatsApp,bn
FD206806343,USR000663,CANB,CALLABLE,54800.0,23,7.15,AT_MATURITY,2026-02-19 00:00:00,2026-03-14,55046.9,PREMATURE_WITHDRAWN,True,True,True,Meta Ads,hi
FD519493140,USR000470,SBIN,NON_CALLABLE,15200.0,21,6.43,QUARTERLY,2025-11-06 00:00:00,2025-11-27,15256.23,ACTIVE,True,True,False,Referral,gu
FD868068406,USR000312,CANB,REGULAR_FD,36200.0,11,7.86,QUARTERLY,2026-01-02 00:00:00,2026-01-13,36285.75,ACTIVE,True,False,False,Meta Ads,en
FD156751351,USR000542,ICIC,CALLABLE,350400.0,78,8.13,MONTHLY,2025-06-21 00:00:00,2025-09-07,356487.74,MATURED,True,False,True,Referral,hi
FD758493355,USR000694,CANB,REGULAR_FD,61700.0,323,6.66,QUARTERLY,2025-12-30 00:00:00,2026-11-18,65336.38,ACTIVE,False,True,True,WhatsApp,hi
FD305909206,USR000920,KOTK,SENIOR_CITIZEN,56900.0,88,5.74,MONTHLY,2025-05-13 00:00:00,2025-08-09,57687.43,ACTIVE,False,False,True,Referral,hi
FD166668848,USR000737,IDFC,REGULAR_FD,34200.0,116,7.76,QUARTERLY,2025-12-15 00:00:00,2026-04-10,35043.44,ACTIVE,True,True,False,Direct,mr
FD516866273,USR000582,HDFC,REGULAR_FD,84700.0,101,6.37,MONTHLY,2026-02-11 00:00:00,2026-05-23,86192.97,ACTIVE,False,True,True,Influencer-YT,en
FD299425398,USR000786,INDB,CALLABLE,23800.0,10,6.64,MONTHLY,2026-04-14 00:00:00,2026-04-24,23843.3,ACTIVE,True,False,False,Influencer-IG,hi
FD207479538,USR000786,INDB,SWEEP_FD,65200.0,590,6.7,AT_MATURITY,2025-02-15 00:00:00,2026-09-28,72261.25,ACTIVE,False,False,True,Influencer-IG,hi
FD833938520,USR000508,CANB,SWEEP_FD,1083400.0,163,8.09,MONTHLY,2025-08-03 00:00:00,2026-01-13,1122541.02,ACTIVE,True,True,True,Direct,hi
FD704731837,USR000857,BARB,TAX_SAVER_5Y,71300.0,44,7.78,MONTHLY,2025-01-05 00:00:00,2025-02-18,71968.7,ACTIVE,False,True,True,Referral,hi
FD878729077,USR000857,BARB,SENIOR_CITIZEN,6100.0,1259,8.63,QUARTERLY,2025-02-25 00:00:00,2028-08-07,7915.82,PREMATURE_WITHDRAWN,False,True,False,Referral,hi
FD870936212,USR000951,YESB,TAX_SAVER_5Y,7500.0,219,6.41,AT_MATURITY,2025-04-01 00:00:00,2025-11-06,7788.45,ACTIVE,True,True,False,Email,hi
FD649626794,USR000281,KOTK,SWEEP_FD,51500.0,710,8.88,MONTHLY,2025-12-23 00:00:00,2027-12-03,60395.81,ACTIVE,False,False,True,Organic search,mr
FD270572138,USR000290,BARB,SENIOR_CITIZEN,328700.0,68,5.96,AT_MATURITY,2025-04-11 00:00:00,2025-06-18,332349.74,PREMATURE_WITHDRAWN,True,True,True,Influencer-YT,en
FD913642791,USR000837,RBL,TAX_SAVER_5Y,12300.0,79,7.79,MONTHLY,2025-07-07 00:00:00,2025-09-24,12507.38,ACTIVE,True,True,False,Referral,kn
FD358701250,USR000146,IDFC,NON_CALLABLE,12600.0,10,8.2,AT_MATURITY,2025-11-07 00:00:00,2025-11-17,12628.31,ACTIVE,True,False,False,WhatsApp,gu
FD768179727,USR000146,IDFC,CALLABLE,116100.0,2108,7.28,MONTHLY,2026-05-03 00:00:00,2032-02-09,164913.66,ACTIVE,False,True,True,WhatsApp,gu
FD167407470,USR000379,HDFC,SENIOR_CITIZEN,99900.0,164,5.99,QUARTERLY,2026-01-01 00:00:00,2026-06-14,102588.71,ACTIVE,False,True,True,WhatsApp,hi
FD202582749,USR000379,HDFC,REGULAR_FD,96400.0,3281,8.09,MONTHLY,2025-10-13 00:00:00,2034-10-07,166503.37,ACTIVE,False,False,True,WhatsApp,hi
FD263178836,USR000379,HDFC,SENIOR_CITIZEN,436800.0,43,6.86,MONTHLY,2025-06-29 00:00:00,2025-08-11,440330.06,ACTIVE,False,True,True,WhatsApp,hi
FD433128499,USR000354,RBL,TAX_SAVER_5Y,60500.0,10,5.78,QUARTERLY,2025-11-22 00:00:00,2025-12-02,60595.81,ACTIVE,True,True,True,Direct,te
FD392636172,USR000892,CANB,CALLABLE,11300.0,1778,7.55,AT_MATURITY,2026-01-27 00:00:00,2030-12-10,15455.89,ACTIVE,False,True,False,Google Ads,ta
FD925595448,USR000892,CANB,CALLABLE,77800.0,468,8.5,MONTHLY,2025-09-04 00:00:00,2026-12-16,86279.13,ACTIVE,False,True,True,Google Ads,ta
FD409822925,USR000693,SBIN,SENIOR_CITIZEN,21500.0,81,5.62,QUARTERLY,2025-08-18 00:00:00,2025-11-07,21768.14,ACTIVE,False,True,False,Referral,hi
FD251405712,USR000677,KOTK,CALLABLE,19300.0,898,8.93,AT_MATURITY,2025-05-21 00:00:00,2027-11-05,23540.26,CANCELLED,True,True,False,Direct,mr
FD344220573,USR000143,INDB,CALLABLE,414400.0,2969,6.58,AT_MATURITY,2025-05-26 00:00:00,2033-07-12,636200.73,ACTIVE,False,True,True,Organic search,en
FD953050422,USR000143,INDB,CALLABLE,33700.0,473,7.97,AT_MATURITY,2025-06-18 00:00:00,2026-10-04,37180.62,ACTIVE,False,False,False,Organic search,en
FD811053316,USR000143,INDB,TAX_SAVER_5Y,30400.0,24,6.05,MONTHLY,2026-01-12 00:00:00,2026-02-05,30520.93,ACTIVE,True,True,False,Organic search,en
FD470879767,USR000143,INDB,TAX_SAVER_5Y,21100.0,1704,7.73,QUARTERLY,2025-01-24 00:00:00,2029-09-24,28714.45,CANCELLED,True,False,False,Organic search,en
FD525754088,USR000226,SBIN,CALLABLE,22100.0,26,8.06,MONTHLY,2025-11-24 00:00:00,2025-12-20,22226.88,ACTIVE,True,True,False,Organic search,en
FD412804740,USR000284,IDFC,TAX_SAVER_5Y,6600.0,48,6.95,MONTHLY,2026-03-25 00:00:00,2026-05-12,6660.32,ACTIVE,False,True,False,Google Ads,en
FD441269064,USR000177,IDFC,NON_CALLABLE,57200.0,22,6.85,AT_MATURITY,2026-02-08 00:00:00,2026-03-02,57436.17,MATURED,False,False,True,Organic search,en
FD165133834,USR000177,IDFC,CALLABLE,7800.0,7,5.84,MONTHLY,2025-09-12 00:00:00,2025-09-19,7808.74,ACTIVE,True,False,False,Organic search,en
FD769099262,USR000765,RBL,TAX_SAVER_5Y,19300.0,179,6.63,MONTHLY,2026-02-10 00:00:00,2026-08-08,19927.52,ACTIVE,True,True,False,Organic search,en
FD369290117,USR000113,PUNB,NON_CALLABLE,15400.0,142,6.23,MONTHLY,2026-03-24 00:00:00,2026-08-13,15773.25,ACTIVE,True,True,False,Influencer-YT,en
FD633758562,USR000093,HDFC,REGULAR_FD,92300.0,16,7.13,AT_MATURITY,2026-04-18 00:00:00,2026-05-04,92588.48,ACTIVE,False,True,True,Organic search,hi
FD559456096,USR000093,HDFC,NON_CALLABLE,21500.0,2696,8.39,QUARTERLY,2025-10-06 00:00:00,2033-02-22,34823.78,ACTIVE,True,True,False,Organic search,hi
FD243497301,USR000412,RBL,TAX_SAVER_5Y,42600.0,14,7.5,QUARTERLY,2025-12-16 00:00:00,2025-12-30,42722.55,ACTIVE,False,True,True,Meta Ads,mr
FD507300569,USR000495,YESB,TAX_SAVER_5Y,39900.0,638,7.44,QUARTERLY,2026-03-20 00:00:00,2027-12-18,45088.88,ACTIVE,False,True,False,Influencer-IG,ta
FD184234876,USR000525,HDFC,TAX_SAVER_5Y,18900.0,85,5.73,AT_MATURITY,2025-03-27 00:00:00,2025-06-20,19152.2,ACTIVE,True,True,False,Organic search,mr
FD679673583,USR000525,HDFC,NON_CALLABLE,27800.0,85,5.97,AT_MATURITY,2025-02-17 00:00:00,2025-05-13,28186.5,ACTIVE,False,False,False,Organic search,mr
FD847693637,USR000525,HDFC,NON_CALLABLE,51500.0,3263,7.09,QUARTERLY,2026-03-08 00:00:00,2035-02-12,84142.07,CANCELLED,True,True,True,Organic search,mr
FD577939809,USR000237,IDFC,SENIOR_CITIZEN,47300.0,713,7.11,MONTHLY,2025-12-31 00:00:00,2027-12-14,53869.43,ACTIVE,True,True,True,Direct,hi
FD768460366,USR000518,SBIN,REGULAR_FD,91900.0,255,8.25,MONTHLY,2025-11-21 00:00:00,2026-08-03,97196.84,ACTIVE,False,True,True,Organic search,ml
FD182148574,USR000116,ICIC,CALLABLE,5200.0,461,7.86,MONTHLY,2025-11-03 00:00:00,2027-02-07,5716.22,PREMATURE_WITHDRAWN,False,False,False,Influencer-YT,en
FD345775761,USR000295,INDB,REGULAR_FD,118100.0,173,6.38,MONTHLY,2025-06-26 00:00:00,2025-12-16,121671.28,ACTIVE,True,True,True,Meta Ads,ta
FD691742187,USR000035,YESB,CALLABLE,204400.0,278,7.84,MONTHLY,2025-03-29 00:00:00,2026-01-01,216605.31,ACTIVE,True,True,True,Referral,gu
FD281966012,USR000035,YESB,SENIOR_CITIZEN,355200.0,806,6.08,QUARTERLY,2026-01-23 00:00:00,2028-04-08,402889.05,ACTIVE,True,True,True,Referral,gu
FD957826636,USR000035,YESB,CALLABLE,39900.0,1660,7.42,AT_MATURITY,2025-09-27 00:00:00,2030-04-14,53364.56,PREMATURE_WITHDRAWN,True,True,False,Referral,gu
FD314391162,USR000035,YESB,NON_CALLABLE,343400.0,88,7.22,AT_MATURITY,2026-01-07 00:00:00,2026-04-05,349377.61,ACTIVE,True,True,True,Referral,gu
FD468848789,USR000536,INDB,SENIOR_CITIZEN,64400.0,1296,7.83,AT_MATURITY,2025-05-05 00:00:00,2028-11-21,82304.4,ACTIVE,True,False,True,WhatsApp,en
FD548406348,USR000856,CANB,TAX_SAVER_5Y,392200.0,1332,8.11,MONTHLY,2025-04-26 00:00:00,2028-12-18,508275.3,ACTIVE,False,True,True,Influencer-IG,hi
FD508288027,USR000856,CANB,TAX_SAVER_5Y,52300.0,1470,7.02,MONTHLY,2025-02-12 00:00:00,2029-02-21,67086.43,ACTIVE,True,False,True,Influencer-IG,hi
FD496574156,USR000688,IDFC,SWEEP_FD,94000.0,3584,7.06,QUARTERLY,2025-03-11 00:00:00,2035-01-02,159163.99,ACTIVE,False,True,True,Direct,ml
FD564978371,USR000136,INDB,REGULAR_FD,21300.0,300,5.87,MONTHLY,2026-03-29 00:00:00,2027-01-23,22327.65,ACTIVE,False,True,False,Google Ads,en
FD594531296,USR000136,INDB,CALLABLE,92500.0,52,8.03,QUARTERLY,2025-12-16 00:00:00,2026-02-06,93558.2,ACTIVE,True,True,True,Google Ads,en
FD410239758,USR000136,INDB,TAX_SAVER_5Y,236700.0,13,7.48,QUARTERLY,2026-01-17 00:00:00,2026-01-30,237330.59,MATURED,True,True,True,Google Ads,en
FD418994008,USR000384,BARB,SWEEP_FD,48700.0,1789,6.66,MONTHLY,2026-02-09 00:00:00,2031-01-03,64597.2,PREMATURE_WITHDRAWN,True,True,True,Influencer-IG,kn
FD313637057,USR000445,PUNB,SWEEP_FD,19800.0,13,7.54,AT_MATURITY,2026-04-16 00:00:00,2026-04-29,19853.17,ACTIVE,False,False,False,Direct,hi
FD124599886,USR000445,PUNB,NON_CALLABLE,64200.0,3511,6.83,QUARTERLY,2025-07-26 00:00:00,2035-03-07,106378.75,ACTIVE,False,True,True,Direct,hi
FD213799545,USR000445,PUNB,REGULAR_FD,66600.0,2256,8.93,QUARTERLY,2025-08-16 00:00:00,2031-10-20,103359.7,MATURED,True,False,True,Direct,hi
FD207731777,USR000142,INDB,SENIOR_CITIZEN,57900.0,23,6.38,AT_MATURITY,2025-09-21 00:00:00,2025-10-14,58132.77,MATURED,True,True,True,Google Ads,hi
FD478463561,USR000545,SBIN,SENIOR_CITIZEN,28900.0,247,8.46,AT_MATURITY,2025-06-24 00:00:00,2026-02-26,30554.52,ACTIVE,False,True,False,Referral,hi
FD151273174,USR000702,YESB,TAX_SAVER_5Y,1477600.0,27,6.56,MONTHLY,2026-03-22 00:00:00,2026-04-18,1484770.21,ACTIVE,True,True,True,Meta Ads,gu
FD525646116,USR000702,YESB,CALLABLE,20100.0,2679,7.52,AT_MATURITY,2025-01-01 00:00:00,2032-05-03,31194.14,ACTIVE,True,False,False,Meta Ads,gu
FD287645752,USR000129,BARB,TAX_SAVER_5Y,87600.0,632,7.85,QUARTERLY,2025-08-20 00:00:00,2027-05-14,99506.88,CANCELLED,True,True,True,Influencer-YT,hi
FD342272250,USR000009,INDB,CALLABLE,47400.0,61,5.83,AT_MATURITY,2025-06-19 00:00:00,2025-08-19,47861.83,ACTIVE,False,True,True,Influencer-YT,en
FD746127493,USR000676,PUNB,REGULAR_FD,24200.0,2438,7.4,QUARTERLY,2025-11-10 00:00:00,2032-07-14,36161.56,ACTIVE,True,True,False,Direct,en
FD430044077,USR000668,BARB,SENIOR_CITIZEN,1013400.0,59,6.39,AT_MATURITY,2025-08-18 00:00:00,2025-10-16,1023867.45,ACTIVE,True,True,True,Google Ads,hi
FD528854371,USR000668,BARB,TAX_SAVER_5Y,83100.0,1537,7.13,AT_MATURITY,2025-05-04 00:00:00,2029-07-19,108050.06,ACTIVE,True,True,True,Google Ads,hi
FD287068443,USR000368,YESB,REGULAR_FD,32600.0,56,8.19,QUARTERLY,2025-02-01 00:00:00,2025-03-29,33009.63,CANCELLED,True,True,False,Influencer-IG,en
FD764870608,USR000287,IDFC,SWEEP_FD,13100.0,720,9.13,AT_MATURITY,2026-04-29 00:00:00,2028-04-18,15459.29,ACTIVE,True,True,False,WhatsApp,mr
FD484838012,USR000318,YESB,TAX_SAVER_5Y,13200.0,187,6.82,QUARTERLY,2025-09-04 00:00:00,2026-03-10,13661.22,ACTIVE,True,False,False,Influencer-YT,hi
FD462582835,USR000318,YESB,SWEEP_FD,125700.0,204,6.77,QUARTERLY,2025-04-29 00:00:00,2025-11-19,130456.21,ACTIVE,True,True,True,Influencer-YT,hi
FD201756529,USR000120,SBIN,CALLABLE,11400.0,1240,8.38,MONTHLY,2025-01-11 00:00:00,2028-06-04,14645.47,ACTIVE,False,True,False,Influencer-IG,hi
FD255491401,USR000120,SBIN,SWEEP_FD,271700.0,27,8.29,QUARTERLY,2025-03-22 00:00:00,2025-04-18,273366.15,ACTIVE,True,True,True,Influencer-IG,hi
FD469020068,USR000896,SBIN,REGULAR_FD,23300.0,1006,8.61,QUARTERLY,2026-04-28 00:00:00,2029-01-28,28829.22,ACTIVE,True,True,False,Meta Ads,hi
FD637657069,USR000896,SBIN,SENIOR_CITIZEN,256700.0,2428,6.07,AT_MATURITY,2026-04-10 00:00:00,2032-12-02,360350.26,ACTIVE,False,True,True,Meta Ads,hi
FD491862715,USR000778,BARB,TAX_SAVER_5Y,95100.0,13,7.79,QUARTERLY,2025-06-08 00:00:00,2025-06-21,95363.86,ACTIVE,True,False,True,Google Ads,en
FD251806829,USR000919,SBIN,TAX_SAVER_5Y,71100.0,1886,7.91,MONTHLY,2025-01-06 00:00:00,2030-03-07,100159.95,MATURED,False,False,True,Direct,hi
FD646410363,USR000681,RBL,TAX_SAVER_5Y,11700.0,634,8.21,MONTHLY,2025-08-09 00:00:00,2027-05-05,13368.5,ACTIVE,True,True,False,Email,hi
FD150091117,USR000681,RBL,NON_CALLABLE,29900.0,2950,6.56,QUARTERLY,2025-02-25 00:00:00,2033-03-25,45752.73,PREMATURE_WITHDRAWN,False,True,False,Email,hi
FD885603596,USR000681,RBL,REGULAR_FD,6500.0,666,7.71,AT_MATURITY,2025-06-19 00:00:00,2027-04-16,7414.43,ACTIVE,False,True,False,Email,hi
FD396549884,USR000006,SBIN,SENIOR_CITIZEN,1832400.0,16,6.85,MONTHLY,2025-02-25 00:00:00,2025-03-13,1837902.22,MATURED,False,True,True,Organic search,en
FD851693404,USR000540,AXIS,SENIOR_CITIZEN,97900.0,32,7.2,AT_MATURITY,2026-01-15 00:00:00,2026-02-16,98517.98,ACTIVE,True,True,True,Organic search,hi
FD616686937,USR000763,CANB,NON_CALLABLE,12700.0,15,7.5,AT_MATURITY,2025-01-09 00:00:00,2025-01-24,12739.14,MATURED,False,True,False,Meta Ads,hi
FD158405524,USR000749,INDB,TAX_SAVER_5Y,177000.0,661,8.5,AT_MATURITY,2025-08-19 00:00:00,2027-06-11,204245.88,ACTIVE,True,True,True,Meta Ads,hi
FD636160616,USR000749,INDB,CALLABLE,14500.0,2298,8.68,MONTHLY,2025-05-25 00:00:00,2031-09-09,22424.01,ACTIVE,True,True,False,Meta Ads,hi
FD750482953,USR000967,KOTK,SENIOR_CITIZEN,16300.0,104,7.25,QUARTERLY,2025-11-16 00:00:00,2026-02-28,16636.72,ACTIVE,True,False,False,Email,en
FD302651379,USR000467,PUNB,TAX_SAVER_5Y,44500.0,172,8.17,QUARTERLY,2025-06-02 00:00:00,2025-11-21,46213.24,MATURED,True,True,True,Influencer-IG,te
FD709448833,USR000467,PUNB,TAX_SAVER_5Y,1185600.0,29,6.6,QUARTERLY,2025-12-01 00:00:00,2025-12-30,1191817.09,MATURED,True,True,True,Influencer-IG,te
FD617374198,USR000148,CANB,NON_CALLABLE,18300.0,39,6.07,MONTHLY,2025-03-28 00:00:00,2025-05-06,18418.69,ACTIVE,True,False,False,Organic search,en
FD646183078,USR000148,CANB,REGULAR_FD,14100.0,1035,6.88,QUARTERLY,2025-01-29 00:00:00,2027-11-30,16850.77,MATURED,True,True,False,Organic search,en
FD800885512,USR000840,BARB,SENIOR_CITIZEN,9900.0,140,8.32,MONTHLY,2025-05-23 00:00:00,2025-10-10,10215.93,ACTIVE,True,True,False,Referral,hi
FD812525906,USR000905,HDFC,REGULAR_FD,378000.0,21,7.6,QUARTERLY,2025-05-25 00:00:00,2025-06-15,379652.84,ACTIVE,True,True,True,Organic search,hi
FD574815741,USR000890,SBIN,CALLABLE,25000.0,50,8.12,QUARTERLY,2025-02-27 00:00:00,2025-04-18,25278.08,MATURED,True,False,False,Influencer-YT,hi
FD771745362,USR000797,AXIS,REGULAR_FD,21300.0,18,7.85,AT_MATURITY,2025-04-23 00:00:00,2025-05-11,21382.46,ACTIVE,True,True,False,Influencer-YT,en
FD719754282,USR000797,AXIS,TAX_SAVER_5Y,15300.0,2568,8.1,MONTHLY,2025-10-10 00:00:00,2032-10-21,24019.24,ACTIVE,True,True,False,Influencer-YT,en
FD818624808,USR000278,INDB,SENIOR_CITIZEN,5300.0,2043,8.39,MONTHLY,2025-11-16 00:00:00,2031-06-21,7788.93,ACTIVE,True,False,False,Direct,ta
FD318298400,USR000514,HDFC,SENIOR_CITIZEN,214600.0,129,7.66,QUARTERLY,2025-03-08 00:00:00,2025-07-15,220409.72,ACTIVE,False,False,True,Google Ads,en
FD418163844,USR000913,AXIS,SENIOR_CITIZEN,12300.0,328,7.98,MONTHLY,2026-03-12 00:00:00,2027-02-03,13182.04,ACTIVE,False,False,False,Email,ta
FD299970172,USR000126,YESB,CALLABLE,54900.0,34,8.33,AT_MATURITY,2026-01-01 00:00:00,2026-02-04,55325.99,ACTIVE,False,True,True,Email,mr
FD994738659,USR000276,SBIN,SWEEP_FD,191300.0,11,6.0,MONTHLY,2025-04-18 00:00:00,2025-04-29,191645.91,ACTIVE,True,True,True,WhatsApp,hi
FD802828137,USR000276,SBIN,TAX_SAVER_5Y,9600.0,431,6.87,MONTHLY,2025-02-24 00:00:00,2026-05-01,10378.78,CANCELLED,True,True,False,WhatsApp,hi
FD395175258,USR000696,AXIS,SWEEP_FD,59100.0,688,7.54,AT_MATURITY,2025-02-10 00:00:00,2026-12-30,67499.52,ACTIVE,True,True,True,Referral,bn
FD276662414,USR000696,AXIS,CALLABLE,84900.0,1933,8.06,QUARTERLY,2026-02-22 00:00:00,2031-06-09,121139.46,ACTIVE,True,True,True,Referral,bn
FD468932985,USR000125,YESB,TAX_SAVER_5Y,130800.0,61,8.41,QUARTERLY,2025-11-17 00:00:00,2026-01-17,132638.4,PREMATURE_WITHDRAWN,True,False,True,Direct,en
FD739680000,USR000125,YESB,CALLABLE,24700.0,157,7.38,QUARTERLY,2026-02-04 00:00:00,2026-07-11,25484.08,MATURED,False,False,False,Direct,en
FD699311441,USR000962,CANB,CALLABLE,16800.0,1061,6.14,MONTHLY,2025-11-29 00:00:00,2028-10-25,19798.47,MATURED,True,True,False,WhatsApp,en
FD383052067,USR000326,PUNB,SENIOR_CITIZEN,74500.0,12,7.82,QUARTERLY,2025-07-13 00:00:00,2025-07-25,74691.54,PREMATURE_WITHDRAWN,False,True,True,Referral,hi
FD242071383,USR000175,BARB,SENIOR_CITIZEN,555700.0,32,5.79,MONTHLY,2025-01-30 00:00:00,2025-03-03,558520.82,ACTIVE,False,True,True,Referral,mr
FD970252050,USR000175,BARB,REGULAR_FD,39200.0,2114,6.91,MONTHLY,2025-11-11 00:00:00,2031-08-26,54888.31,ACTIVE,False,True,False,Referral,mr
FD908046188,USR000175,BARB,SWEEP_FD,19200.0,7,6.93,MONTHLY,2025-09-05 00:00:00,2025-09-12,19225.52,ACTIVE,False,True,False,Referral,mr
FD919201684,USR000720,IDFC,TAX_SAVER_5Y,63300.0,1084,6.98,AT_MATURITY,2026-01-22 00:00:00,2029-01-10,76421.86,PREMATURE_WITHDRAWN,False,True,True,Referral,hi
FD571268616,USR000680,AXIS,NON_CALLABLE,12600.0,1140,8.24,MONTHLY,2025-11-15 00:00:00,2028-12-29,15842.72,MATURED,False,False,False,Email,hi
FD650682415,USR000978,SBIN,TAX_SAVER_5Y,71700.0,169,7.03,AT_MATURITY,2025-11-15 00:00:00,2026-05-03,74033.83,ACTIVE,False,True,True,Email,en
FD456092094,USR000532,IDFC,CALLABLE,18200.0,299,7.58,MONTHLY,2025-04-10 00:00:00,2026-02-03,19330.11,ACTIVE,False,True,False,WhatsApp,en
FD242759951,USR000225,PUNB,CALLABLE,47200.0,15,7.65,QUARTERLY,2025-01-27 00:00:00,2025-02-11,47348.39,ACTIVE,False,True,True,Google Ads,hi
FD423965844,USR000481,PUNB,TAX_SAVER_5Y,22800.0,3296,8.21,MONTHLY,2025-11-26 00:00:00,2034-12-05,39703.33,MATURED,False,True,False,Email,hi
FD372874702,USR000756,CANB,REGULAR_FD,66700.0,1323,8.9,MONTHLY,2025-08-12 00:00:00,2029-03-27,88217.05,ACTIVE,True,True,True,Meta Ads,hi
FD678503896,USR000524,INDB,REGULAR_FD,42500.0,596,7.51,AT_MATURITY,2026-05-05 00:00:00,2027-12-22,47711.73,ACTIVE,True,True,True,Meta Ads,hi
FD786181984,USR000549,IDFC,CALLABLE,13500.0,2530,7.81,MONTHLY,2025-02-24 00:00:00,2032-01-29,20808.23,ACTIVE,False,True,False,Influencer-YT,en
FD223002926,USR000549,IDFC,SENIOR_CITIZEN,70200.0,22,7.8,AT_MATURITY,2026-02-28 00:00:00,2026-03-22,70530.04,PREMATURE_WITHDRAWN,True,True,True,Influencer-YT,en
FD905824120,USR000579,AXIS,SENIOR_CITIZEN,333400.0,1677,7.99,AT_MATURITY,2025-12-19 00:00:00,2030-07-23,455791.87,MATURED,False,True,True,Email,ta
FD266666248,USR000906,AXIS,SWEEP_FD,398200.0,59,6.61,QUARTERLY,2026-04-15 00:00:00,2026-06-13,402454.63,ACTIVE,True,False,True,Direct,hi
FD391185150,USR000876,KOTK,REGULAR_FD,11500.0,413,7.0,MONTHLY,2025-07-27 00:00:00,2026-09-13,12410.86,PREMATURE_WITHDRAWN,True,True,False,Organic search,en
FD357766399,USR000876,KOTK,NON_CALLABLE,1301300.0,2171,8.78,QUARTERLY,2025-02-16 00:00:00,2031-01-27,1980877.36,ACTIVE,True,True,True,Organic search,en
FD628580051,USR000642,AXIS,TAX_SAVER_5Y,45200.0,1742,6.04,QUARTERLY,2025-05-23 00:00:00,2030-02-28,58229.59,ACTIVE,False,True,True,Google Ads,en
FD965521006,USR000522,AXIS,TAX_SAVER_5Y,41200.0,1724,7.16,QUARTERLY,2025-04-21 00:00:00,2030-01-09,55133.32,ACTIVE,True,True,True,Organic search,en
FD725996433,USR000522,AXIS,CALLABLE,1375700.0,955,7.72,AT_MATURITY,2025-04-24 00:00:00,2027-12-05,1653576.32,PREMATURE_WITHDRAWN,True,True,True,Organic search,en
FD394032285,USR000522,AXIS,SENIOR_CITIZEN,19000.0,18,5.75,QUARTERLY,2025-03-08 00:00:00,2025-03-26,19053.88,MATURED,True,True,False,Organic search,en
FD714174237,USR000522,AXIS,NON_CALLABLE,24700.0,8,6.97,MONTHLY,2025-12-13 00:00:00,2025-12-21,24737.73,ACTIVE,True,False,False,Organic search,en
FD363855350,USR000060,BARB,SENIOR_CITIZEN,16000.0,131,8.45,QUARTERLY,2025-09-08 00:00:00,2026-01-17,16485.24,ACTIVE,True,True,False,Referral,hi
FD578104698,USR000060,BARB,SENIOR_CITIZEN,34000.0,8,7.18,MONTHLY,2026-02-28 00:00:00,2026-03-08,34053.51,ACTIVE,False,True,False,Referral,hi
FD900757458,USR000667,YESB,SENIOR_CITIZEN,82900.0,223,8.26,QUARTERLY,2026-04-01 00:00:00,2026-11-10,87083.57,ACTIVE,False,True,True,Influencer-YT,ta
FD857966787,USR000250,AXIS,CALLABLE,8000.0,174,6.5,AT_MATURITY,2025-05-31 00:00:00,2025-11-21,8247.89,ACTIVE,False,True,False,WhatsApp,hi
FD529004509,USR000313,SBIN,SWEEP_FD,46000.0,257,8.01,AT_MATURITY,2025-05-19 00:00:00,2026-01-31,48594.36,ACTIVE,False,True,True,Google Ads,hi
FD308505931,USR000827,BARB,NON_CALLABLE,95100.0,1667,8.04,QUARTERLY,2026-03-02 00:00:00,2030-09-24,130020.41,ACTIVE,False,False,True,Influencer-YT,te
FD470332379,USR000827,BARB,SENIOR_CITIZEN,45900.0,841,8.09,QUARTERLY,2025-12-15 00:00:00,2028-04-04,54455.87,ACTIVE,False,True,True,Influencer-YT,te
FD879828706,USR000323,PUNB,REGULAR_FD,53900.0,485,6.83,MONTHLY,2025-11-14 00:00:00,2027-03-14,58791.68,ACTIVE,False,True,True,Email,bn
FD811310565,USR000159,RBL,SENIOR_CITIZEN,25700.0,2856,8.71,AT_MATURITY,2025-02-14 00:00:00,2032-12-10,43215.26,ACTIVE,True,True,False,Email,en
FD285061213,USR000203,YESB,SWEEP_FD,14800.0,189,7.83,AT_MATURITY,2025-01-31 00:00:00,2025-08-08,15400.06,PREMATURE_WITHDRAWN,False,True,False,Organic search,mr
FD593943610,USR000577,BARB,CALLABLE,32400.0,358,6.53,MONTHLY,2025-02-17 00:00:00,2026-02-10,34475.14,ACTIVE,True,False,False,Direct,bn
FD765122432,USR000560,HDFC,SWEEP_FD,16400.0,367,6.63,AT_MATURITY,2025-01-12 00:00:00,2026-01-14,17493.28,ACTIVE,False,True,False,Influencer-YT,hi
FD368971792,USR000622,ICIC,CALLABLE,49300.0,204,5.79,QUARTERLY,2025-02-05 00:00:00,2025-08-28,50895.38,ACTIVE,True,True,True,Organic search,en
FD980670989,USR000423,HDFC,REGULAR_FD,20900.0,174,6.9,QUARTERLY,2026-01-23 00:00:00,2026-07-16,21587.47,ACTIVE,True,True,False,Email,en
FD401560439,USR000423,HDFC,CALLABLE,468400.0,93,5.9,MONTHLY,2026-01-29 00:00:00,2026-05-02,475441.4,ACTIVE,False,False,True,Email,en
FD487080882,USR000690,AXIS,CALLABLE,18800.0,642,6.47,QUARTERLY,2025-01-18 00:00:00,2026-10-22,20939.46,ACTIVE,False,False,False,Direct,kn
FD923630510,USR000690,AXIS,SWEEP_FD,10900.0,1727,6.64,MONTHLY,2025-09-03 00:00:00,2030-05-27,14324.48,CANCELLED,True,True,False,Direct,kn
FD845895243,USR000458,SBIN,SWEEP_FD,344100.0,339,6.85,QUARTERLY,2025-09-26 00:00:00,2026-08-31,365991.83,ACTIVE,True,True,True,Email,kn
FD906400224,USR000068,AXIS,SENIOR_CITIZEN,1543600.0,3253,8.13,QUARTERLY,2025-05-12 00:00:00,2034-04-08,2662049.85,ACTIVE,False,True,True,WhatsApp,en
FD819271322,USR000068,AXIS,SWEEP_FD,12400.0,1683,6.16,AT_MATURITY,2025-07-17 00:00:00,2030-02-24,15922.03,CANCELLED,True,True,False,WhatsApp,en
FD869521205,USR000407,PUNB,SENIOR_CITIZEN,240300.0,353,5.52,MONTHLY,2026-03-24 00:00:00,2027-03-12,253128.46,ACTIVE,True,True,True,Meta Ads,en
FD318489185,USR000407,PUNB,REGULAR_FD,75000.0,86,6.73,MONTHLY,2025-10-28 00:00:00,2026-01-22,76189.27,PREMATURE_WITHDRAWN,False,True,True,Meta Ads,en
FD101870675,USR000407,PUNB,NON_CALLABLE,64000.0,259,7.73,AT_MATURITY,2025-12-13 00:00:00,2026-08-29,67510.48,ACTIVE,True,True,True,Meta Ads,en
FD718389112,USR000045,BARB,TAX_SAVER_5Y,256600.0,74,7.41,QUARTERLY,2025-08-31 00:00:00,2025-11-13,260454.91,PREMATURE_WITHDRAWN,True,False,True,Organic search,en
FD615129578,USR000935,PUNB,CALLABLE,219100.0,128,7.95,QUARTERLY,2025-10-04 00:00:00,2026-02-09,225208.39,ACTIVE,True,True,True,Organic search,hi
FD773911989,USR000376,PUNB,REGULAR_FD,25700.0,128,7.4,MONTHLY,2025-06-19 00:00:00,2025-10-25,26366.93,ACTIVE,False,False,False,Influencer-IG,ta
FD897156177,USR000376,PUNB,TAX_SAVER_5Y,93400.0,362,7.48,MONTHLY,2025-06-24 00:00:00,2026-06-21,100328.9,MATURED,False,False,True,Influencer-IG,ta
FD228338699,USR000633,YESB,REGULAR_FD,13500.0,284,8.6,AT_MATURITY,2025-08-20 00:00:00,2026-05-31,14403.35,ACTIVE,True,False,False,Influencer-IG,hi
FD611242070,USR000260,KOTK,NON_CALLABLE,888800.0,221,7.03,QUARTERLY,2026-04-16 00:00:00,2026-11-23,926631.95,ACTIVE,False,True,True,Direct,en
FD472211169,USR000772,CANB,TAX_SAVER_5Y,226500.0,179,6.58,MONTHLY,2026-03-04 00:00:00,2026-08-30,233808.94,ACTIVE,False,True,True,Direct,hi
FD551023085,USR000889,IDFC,SWEEP_FD,85800.0,13,7.98,AT_MATURITY,2025-05-11 00:00:00,2025-05-24,86043.86,ACTIVE,True,True,True,Organic search,en
FD758717382,USR000167,RBL,NON_CALLABLE,50500.0,368,7.62,QUARTERLY,2025-07-16 00:00:00,2026-07-19,54379.73,ACTIVE,True,False,True,Direct,hi
FD574404760,USR000834,YESB,TAX_SAVER_5Y,301700.0,1324,7.25,MONTHLY,2025-11-16 00:00:00,2029-07-02,381042.97,CANCELLED,False,True,True,Google Ads,en
FD918763319,USR000442,KOTK,TAX_SAVER_5Y,135900.0,169,7.91,AT_MATURITY,2025-07-31 00:00:00,2026-01-16,140877.25,ACTIVE,True,True,True,Google Ads,en
FD544564438,USR000819,HDFC,TAX_SAVER_5Y,320400.0,20,6.36,MONTHLY,2025-07-18 00:00:00,2025-08-07,321516.57,ACTIVE,True,True,True,Influencer-YT,hi
FD588621818,USR000971,CANB,CALLABLE,78600.0,1760,7.28,QUARTERLY,2025-03-04 00:00:00,2029-12-28,106191.4,MATURED,True,True,True,Influencer-IG,en
FD773507755,USR000897,ICIC,SWEEP_FD,14700.0,43,7.52,QUARTERLY,2026-04-14 00:00:00,2026-05-27,14830.23,ACTIVE,True,True,False,Email,te
FD913986817,USR000887,KOTK,CALLABLE,418700.0,537,8.65,AT_MATURITY,2025-05-31 00:00:00,2026-11-19,471984.45,ACTIVE,True,False,True,Google Ads,hi
FD486299563,USR000887,KOTK,SENIOR_CITIZEN,18800.0,94,6.46,AT_MATURITY,2026-03-01 00:00:00,2026-06-03,19112.77,PREMATURE_WITHDRAWN,False,True,False,Google Ads,hi
FD766631848,USR000996,YESB,REGULAR_FD,94900.0,349,8.67,QUARTERLY,2026-03-03 00:00:00,2027-02-15,102767.16,ACTIVE,True,True,True,Google Ads,en
FD678700150,USR000996,YESB,TAX_SAVER_5Y,187400.0,679,8.47,MONTHLY,2025-12-16 00:00:00,2027-10-26,216927.72,ACTIVE,True,True,True,Google Ads,en
FD415446972,USR000104,KOTK,NON_CALLABLE,22500.0,58,6.37,QUARTERLY,2025-05-15 00:00:00,2025-07-12,22727.75,PREMATURE_WITHDRAWN,False,True,False,Meta Ads,en
FD207633497,USR000104,KOTK,SWEEP_FD,65500.0,158,7.08,AT_MATURITY,2026-02-18 00:00:00,2026-07-26,67507.42,ACTIVE,False,True,True,Meta Ads,en
FD936145731,USR000849,YESB,NON_CALLABLE,16600.0,36,7.67,QUARTERLY,2026-05-05 00:00:00,2026-06-10,16725.58,MATURED,True,True,False,Organic search,en
FD307022917,USR000831,IDFC,SENIOR_CITIZEN,16700.0,1082,8.35,AT_MATURITY,2026-03-22 00:00:00,2029-03-08,20833.68,ACTIVE,False,False,False,Google Ads,en
FD485789906,USR000831,IDFC,SENIOR_CITIZEN,14700.0,1402,6.14,QUARTERLY,2026-01-29 00:00:00,2029-12-01,18166.9,ACTIVE,True,True,False,Google Ads,en
FD762554309,USR000831,IDFC,CALLABLE,8100.0,3161,7.07,MONTHLY,2025-10-19 00:00:00,2034-06-15,13059.48,MATURED,True,True,False,Google Ads,en
FD429307071,USR000735,PUNB,REGULAR_FD,65100.0,62,8.18,QUARTERLY,2026-04-25 00:00:00,2026-06-26,66004.55,ACTIVE,False,False,True,Meta Ads,en
FD385442570,USR000735,PUNB,SENIOR_CITIZEN,11700.0,141,7.54,QUARTERLY,2025-07-14 00:00:00,2025-12-02,12040.79,ACTIVE,True,False,False,Meta Ads,en
FD451827516,USR000332,HDFC,CALLABLE,8700.0,362,6.04,AT_MATURITY,2025-02-13 00:00:00,2026-02-10,9221.16,ACTIVE,False,True,False,Direct,bn
FD449928301,USR000353,SBIN,NON_CALLABLE,873200.0,394,8.9,QUARTERLY,2026-01-25 00:00:00,2027-02-23,957089.4,ACTIVE,False,True,True,Referral,mr
FD948472211,USR000353,SBIN,SENIOR_CITIZEN,20800.0,11,7.77,MONTHLY,2025-05-03 00:00:00,2025-05-14,20848.71,ACTIVE,False,True,False,Referral,mr
FD559780763,USR000036,SBIN,REGULAR_FD,85400.0,29,7.39,MONTHLY,2025-03-15 00:00:00,2025-04-13,85901.43,ACTIVE,True,True,True,Referral,hi
FD472477125,USR000552,BARB,CALLABLE,134200.0,158,6.56,QUARTERLY,2025-03-25 00:00:00,2025-08-30,138010.84,ACTIVE,True,True,True,Organic search,en
FD326409716,USR000601,PUNB,REGULAR_FD,82000.0,132,6.68,AT_MATURITY,2025-02-17 00:00:00,2025-06-29,83980.94,ACTIVE,True,False,True,Email,en
FD150706111,USR000617,RBL,SENIOR_CITIZEN,1235400.0,60,8.09,MONTHLY,2025-12-28 00:00:00,2026-02-26,1251829.13,ACTIVE,False,False,True,Organic search,en
FD647248691,USR000214,RBL,TAX_SAVER_5Y,152700.0,2791,8.49,QUARTERLY,2025-04-26 00:00:00,2032-12-16,251831.96,MATURED,True,True,True,Influencer-YT,mr
FD106882076,USR000692,KOTK,TAX_SAVER_5Y,7000.0,120,5.78,AT_MATURITY,2025-06-08 00:00:00,2025-10-06,7133.02,ACTIVE,False,True,False,Google Ads,te
FD834815396,USR000439,INDB,REGULAR_FD,98900.0,243,8.19,AT_MATURITY,2026-01-06 00:00:00,2026-09-06,104292.54,ACTIVE,False,True,True,Direct,en
FD759118493,USR000439,INDB,SENIOR_CITIZEN,46200.0,3157,6.29,QUARTERLY,2025-04-02 00:00:00,2033-11-23,71334.74,ACTIVE,True,True,True,Direct,en
FD345603079,USR000400,ICIC,TAX_SAVER_5Y,13900.0,262,5.79,AT_MATURITY,2025-08-25 00:00:00,2026-05-14,14477.7,MATURED,True,False,False,WhatsApp,bn
FD546429754,USR000572,KOTK,NON_CALLABLE,97500.0,321,8.08,AT_MATURITY,2025-01-31 00:00:00,2025-12-18,104428.32,ACTIVE,True,True,True,Influencer-YT,hi
FD531552342,USR000783,PUNB,CALLABLE,22100.0,1530,7.75,AT_MATURITY,2025-03-01 00:00:00,2029-05-09,29279.47,ACTIVE,True,True,False,Organic search,hi
FD798538135,USR000594,ICIC,NON_CALLABLE,5100.0,1359,8.77,AT_MATURITY,2026-04-29 00:00:00,2030-01-17,6765.31,PREMATURE_WITHDRAWN,True,True,False,Referral,hi
FD144700638,USR000757,IDFC,SENIOR_CITIZEN,22700.0,22,6.63,AT_MATURITY,2025-09-01 00:00:00,2025-09-23,22790.71,MATURED,False,True,False,Influencer-IG,en
FD299234885,USR000421,ICIC,TAX_SAVER_5Y,11500.0,26,7.66,AT_MATURITY,2025-08-28 00:00:00,2025-09-23,11562.75,ACTIVE,False,True,False,Organic search,kn
FD799872342,USR000050,PUNB,SENIOR_CITIZEN,1856800.0,358,6.54,AT_MATURITY,2025-04-12 00:00:00,2026-04-05,1975905.83,ACTIVE,False,False,True,Referral,en
FD875914441,USR000050,PUNB,REGULAR_FD,98000.0,1960,7.09,AT_MATURITY,2025-07-22 00:00:00,2030-12-03,135310.88,ACTIVE,False,True,True,Referral,en
FD995276244,USR000050,PUNB,SWEEP_FD,12700.0,366,8.09,MONTHLY,2025-01-21 00:00:00,2026-01-22,13730.24,CANCELLED,False,True,False,Referral,en
FD699257786,USR000197,ICIC,SWEEP_FD,470100.0,446,7.6,AT_MATURITY,2026-03-06 00:00:00,2027-05-26,513756.19,MATURED,False,True,True,Referral,te
FD461855199,USR000419,AXIS,CALLABLE,167500.0,523,7.31,MONTHLY,2025-01-07 00:00:00,2026-06-14,185044.5,ACTIVE,False,True,True,Email,kn
FD904352998,USR000054,CANB,NON_CALLABLE,1089000.0,7,7.5,QUARTERLY,2025-06-26 00:00:00,2025-07-03,1090566.37,ACTIVE,True,True,True,Direct,en
FD130433474,USR000054,CANB,TAX_SAVER_5Y,47300.0,1492,6.09,AT_MATURITY,2025-03-15 00:00:00,2029-04-15,59074.82,ACTIVE,False,False,True,Direct,en
FD459558840,USR000013,CANB,CALLABLE,64300.0,188,7.12,AT_MATURITY,2025-10-03 00:00:00,2026-04-09,66658.07,ACTIVE,False,False,True,Direct,en
FD597961561,USR000013,CANB,SWEEP_FD,26200.0,239,7.07,AT_MATURITY,2025-10-29 00:00:00,2026-06-25,27412.9,ACTIVE,False,False,False,Direct,en
FD434712223,USR000738,PUNB,REGULAR_FD,69200.0,174,6.52,QUARTERLY,2025-12-27 00:00:00,2026-06-19,71350.85,ACTIVE,True,True,True,Referral,ta
FD953898261,USR000738,PUNB,SWEEP_FD,65600.0,237,6.32,MONTHLY,2025-02-07 00:00:00,2025-10-02,68292.01,ACTIVE,True,False,True,Referral,ta
FD632123834,USR000208,BARB,TAX_SAVER_5Y,79000.0,1792,9.0,QUARTERLY,2025-12-14 00:00:00,2030-11-10,113907.18,ACTIVE,True,True,True,Direct,hi
FD203282429,USR000929,YESB,TAX_SAVER_5Y,417900.0,109,8.19,MONTHLY,2025-12-14 00:00:00,2026-04-02,428120.92,PREMATURE_WITHDRAWN,True,True,True,Organic search,hi
FD366097217,USR000408,BARB,REGULAR_FD,7800.0,67,8.57,MONTHLY,2025-10-18 00:00:00,2025-12-24,7922.7,ACTIVE,True,True,False,Organic search,mr
FD367673731,USR000658,BARB,NON_CALLABLE,24100.0,47,7.65,AT_MATURITY,2026-04-15 00:00:00,2026-06-01,24337.4,MATURED,True,True,False,Influencer-YT,kn
FD972432544,USR000658,BARB,NON_CALLABLE,286500.0,86,8.32,MONTHLY,2025-09-08 00:00:00,2025-12-03,292116.34,ACTIVE,True,True,True,Influencer-YT,kn
FD949333162,USR000070,BARB,NON_CALLABLE,1529400.0,21,8.69,MONTHLY,2025-12-06 00:00:00,2025-12-27,1537046.58,ACTIVE,False,False,True,Direct,en
FD957758939,USR000879,CANB,TAX_SAVER_5Y,636300.0,2451,8.0,QUARTERLY,2025-01-01 00:00:00,2031-09-18,978123.85,ACTIVE,False,False,True,Influencer-IG,kn
FD275647796,USR000866,HDFC,TAX_SAVER_5Y,494600.0,197,8.18,MONTHLY,2025-08-02 00:00:00,2026-02-15,516436.39,ACTIVE,False,True,True,WhatsApp,en
FD780501099,USR000866,HDFC,TAX_SAVER_5Y,6900.0,646,7.05,QUARTERLY,2025-01-24 00:00:00,2026-11-01,7760.95,ACTIVE,True,True,False,WhatsApp,en
FD618868167,USR000476,IDFC,REGULAR_FD,14300.0,760,7.96,QUARTERLY,2025-03-19 00:00:00,2027-04-18,16670.12,ACTIVE,False,True,False,Influencer-IG,kn
FD435676394,USR000476,IDFC,TAX_SAVER_5Y,35200.0,71,7.14,QUARTERLY,2025-08-01 00:00:00,2025-10-11,35688.88,ACTIVE,False,True,False,Influencer-IG,kn
FD114141612,USR000478,RBL,SENIOR_CITIZEN,92600.0,84,7.61,MONTHLY,2025-12-17 00:00:00,2026-03-11,94221.74,PREMATURE_WITHDRAWN,True,True,True,Google Ads,en
FD748040798,USR000285,SBIN,TAX_SAVER_5Y,341000.0,159,6.69,AT_MATURITY,2025-11-26 00:00:00,2026-05-04,350937.67,ACTIVE,False,True,True,Meta Ads,en
FD966957921,USR000960,BARB,SENIOR_CITIZEN,11000.0,2598,6.7,MONTHLY,2025-07-13 00:00:00,2032-08-23,16245.82,ACTIVE,False,True,False,Direct,hi
FD959051171,USR000282,IDFC,TAX_SAVER_5Y,343600.0,123,6.19,AT_MATURITY,2025-01-02 00:00:00,2025-05-05,350767.31,ACTIVE,False,True,True,Google Ads,hi
FD952694628,USR000066,SBIN,CALLABLE,27700.0,125,5.58,AT_MATURITY,2025-01-28 00:00:00,2025-06-02,28229.34,MATURED,True,True,False,Influencer-IG,ta
FD327481765,USR000517,KOTK,SWEEP_FD,487100.0,306,7.49,QUARTERLY,2025-04-04 00:00:00,2026-02-04,517686.41,ACTIVE,True,True,True,Organic search,bn
FD107257759,USR000517,KOTK,SWEEP_FD,296100.0,85,6.33,QUARTERLY,2025-11-25 00:00:00,2026-02-18,300464.84,ACTIVE,True,False,True,Organic search,bn
FD200420166,USR000903,HDFC,NON_CALLABLE,38200.0,1402,7.82,QUARTERLY,2026-02-23 00:00:00,2029-12-26,49674.28,ACTIVE,False,True,False,Direct,bn
FD295860088,USR000903,HDFC,SWEEP_FD,67800.0,307,5.74,AT_MATURITY,2025-08-26 00:00:00,2026-06-29,71073.31,ACTIVE,True,True,True,Direct,bn
FD627190735,USR000706,YESB,CALLABLE,172200.0,1932,6.05,AT_MATURITY,2026-02-10 00:00:00,2031-05-27,227344.57,ACTIVE,True,False,True,Influencer-YT,en
FD956433061,USR000106,SBIN,TAX_SAVER_5Y,20900.0,720,8.68,QUARTERLY,2025-07-28 00:00:00,2027-07-18,24478.54,ACTIVE,False,False,False,Influencer-IG,bn
FD396318141,USR000059,AXIS,CALLABLE,19700.0,2498,9.22,QUARTERLY,2026-01-06 00:00:00,2032-11-08,32130.73,PREMATURE_WITHDRAWN,False,True,False,Direct,en
FD419945486,USR000059,AXIS,TAX_SAVER_5Y,396300.0,12,7.18,MONTHLY,2025-07-23 00:00:00,2025-08-04,397235.49,ACTIVE,True,True,True,Direct,en
FD976532596,USR000520,INDB,TAX_SAVER_5Y,8400.0,66,8.42,QUARTERLY,2025-08-05 00:00:00,2025-10-10,8527.89,ACTIVE,False,True,False,Meta Ads,en
FD591053080,USR000520,INDB,SWEEP_FD,16500.0,75,7.51,MONTHLY,2026-02-03 00:00:00,2026-04-19,16754.62,ACTIVE,True,True,False,Meta Ads,en
FD135930663,USR000520,INDB,SWEEP_FD,25000.0,488,8.86,AT_MATURITY,2026-01-05 00:00:00,2027-05-08,27961.42,ACTIVE,False,True,False,Meta Ads,en
FD917804312,USR000200,AXIS,CALLABLE,462300.0,525,6.14,MONTHLY,2025-04-26 00:00:00,2026-10-03,503128.06,PREMATURE_WITHDRAWN,True,True,True,Influencer-IG,te
FD573683069,USR000559,SBIN,SENIOR_CITIZEN,56500.0,1430,8.11,AT_MATURITY,2025-10-21 00:00:00,2029-09-20,74451.98,ACTIVE,True,True,True,Direct,en
FD452867454,USR000908,CANB,TAX_SAVER_5Y,17700.0,36,7.66,QUARTERLY,2026-02-19 00:00:00,2026-03-27,17833.72,ACTIVE,False,False,False,Influencer-YT,en
FD449381755,USR000908,CANB,CALLABLE,81200.0,69,6.6,MONTHLY,2025-07-31 00:00:00,2025-10-08,82213.11,ACTIVE,True,True,True,Influencer-YT,en
FD404722145,USR000443,AXIS,NON_CALLABLE,20400.0,1738,7.88,AT_MATURITY,2026-02-08 00:00:00,2030-11-12,28054.44,ACTIVE,True,True,False,Direct,hi
FD738895793,USR000110,AXIS,SWEEP_FD,40600.0,71,6.6,MONTHLY,2025-04-07 00:00:00,2025-06-17,41121.24,ACTIVE,True,True,True,Google Ads,bn
FD948048795,USR000110,AXIS,SWEEP_FD,351200.0,409,6.16,QUARTERLY,2026-03-09 00:00:00,2027-04-22,375441.84,ACTIVE,True,False,True,Google Ads,bn
FD896963742,USR000110,AXIS,SENIOR_CITIZEN,26400.0,140,7.38,MONTHLY,2025-07-31 00:00:00,2025-12-18,27147.3,ACTIVE,False,True,False,Google Ads,bn
FD547698638,USR000046,BARB,SENIOR_CITIZEN,414900.0,24,8.06,AT_MATURITY,2025-01-05 00:00:00,2025-01-29,417098.86,ACTIVE,False,True,True,Referral,hi
FD530863713,USR000822,INDB,NON_CALLABLE,15000.0,1408,6.23,QUARTERLY,2025-06-21 00:00:00,2029-04-29,18604.87,ACTIVE,False,True,False,Influencer-IG,en
FD631443570,USR000822,INDB,TAX_SAVER_5Y,47100.0,290,7.44,MONTHLY,2025-06-24 00:00:00,2026-04-10,49884.19,ACTIVE,False,False,True,Influencer-IG,en
FD537790241,USR000071,PUNB,SWEEP_FD,9700.0,1142,8.68,QUARTERLY,2025-05-15 00:00:00,2028-06-30,12334.3,ACTIVE,False,True,False,Google Ads,en
FD592978287,USR000071,PUNB,SENIOR_CITIZEN,1018600.0,227,7.72,AT_MATURITY,2025-01-30 00:00:00,2025-09-14,1067505.08,CANCELLED,True,True,True,Google Ads,en
FD402209130,USR000670,HDFC,SENIOR_CITIZEN,7600.0,444,8.13,MONTHLY,2025-09-04 00:00:00,2026-11-22,8351.61,PREMATURE_WITHDRAWN,False,False,False,Email,en
FD463217790,USR000670,HDFC,REGULAR_FD,5600.0,626,6.37,MONTHLY,2025-10-30 00:00:00,2027-07-18,6211.8,ACTIVE,False,True,False,Email,en
FD155559482,USR000246,BARB,REGULAR_FD,91200.0,351,7.42,QUARTERLY,2025-09-11 00:00:00,2026-08-28,97707.48,ACTIVE,False,False,True,Google Ads,ta
FD145226434,USR000361,KOTK,CALLABLE,64300.0,45,8.13,MONTHLY,2025-02-27 00:00:00,2025-04-13,64944.5,ACTIVE,False,False,True,Google Ads,ta
FD845481142,USR000687,IDFC,CALLABLE,16200.0,646,7.68,MONTHLY,2025-10-23 00:00:00,2027-07-31,18401.99,ACTIVE,True,True,False,Influencer-IG,ta
FD715904209,USR000752,INDB,NON_CALLABLE,494300.0,126,5.54,QUARTERLY,2025-07-10 00:00:00,2025-11-13,503753.18,ACTIVE,False,True,True,Google Ads,kn
FD401957161,USR000752,INDB,NON_CALLABLE,16400.0,85,8.06,AT_MATURITY,2025-07-09 00:00:00,2025-10-02,16707.83,MATURED,True,False,False,Google Ads,kn
FD625833457,USR000420,SBIN,REGULAR_FD,425800.0,25,7.46,MONTHLY,2026-05-05 00:00:00,2026-05-30,427975.66,ACTIVE,False,True,True,Influencer-IG,mr
FD741939281,USR000420,SBIN,SWEEP_FD,316200.0,11,8.74,QUARTERLY,2025-03-13 00:00:00,2025-03-24,317032.86,ACTIVE,False,True,True,Influencer-IG,mr
FD507029844,USR000723,AXIS,SWEEP_FD,85300.0,158,7.93,MONTHLY,2025-12-31 00:00:00,2026-06-07,88228.1,ACTIVE,False,True,True,Google Ads,en
FD257359231,USR000664,KOTK,SWEEP_FD,41000.0,2787,8.25,AT_MATURITY,2025-02-20 00:00:00,2032-10-08,66827.47,CANCELLED,False,True,True,Influencer-IG,mr
FD385424386,USR000664,KOTK,NON_CALLABLE,22200.0,26,6.3,QUARTERLY,2026-04-24 00:00:00,2026-05-20,22299.63,MATURED,True,False,False,Influencer-IG,mr
FD644116212,USR000223,IDFC,SWEEP_FD,27700.0,563,7.08,AT_MATURITY,2025-02-03 00:00:00,2026-08-20,30725.02,CANCELLED,True,True,False,Direct,en
FD547100719,USR000223,IDFC,CALLABLE,84000.0,291,8.31,AT_MATURITY,2026-02-14 00:00:00,2026-12-02,89565.2,ACTIVE,False,True,True,Direct,en
FD397689778,USR000144,KOTK,SWEEP_FD,93800.0,259,7.6,QUARTERLY,2025-06-20 00:00:00,2026-03-06,98858.52,ACTIVE,False,True,True,Meta Ads,en
FD896357654,USR000144,KOTK,SENIOR_CITIZEN,464800.0,2513,7.2,AT_MATURITY,2025-04-03 00:00:00,2032-02-19,695208.36,ACTIVE,False,False,True,Meta Ads,en
FD337469610,USR000183,INDB,SWEEP_FD,433100.0,23,7.79,QUARTERLY,2025-09-08 00:00:00,2025-10-01,435225.99,ACTIVE,False,True,True,Direct,hi
FD352436101,USR000183,INDB,TAX_SAVER_5Y,265500.0,2581,7.29,MONTHLY,2025-07-04 00:00:00,2032-07-28,402363.36,MATURED,False,True,True,Direct,hi
FD797405330,USR000946,IDFC,REGULAR_FD,13800.0,17,8.13,QUARTERLY,2025-04-26 00:00:00,2025-05-13,13852.25,ACTIVE,False,True,False,Direct,te
FD119539228,USR000946,IDFC,NON_CALLABLE,45200.0,32,5.81,QUARTERLY,2025-07-03 00:00:00,2025-08-04,45430.24,CANCELLED,True,False,True,Direct,te
FD952052832,USR000644,AXIS,TAX_SAVER_5Y,14000.0,1258,7.31,AT_MATURITY,2025-02-22 00:00:00,2028-08-03,17527.23,ACTIVE,True,True,False,Meta Ads,hi
FD560901693,USR000553,ICIC,NON_CALLABLE,62200.0,1784,9.09,AT_MATURITY,2025-07-29 00:00:00,2030-06-17,89834.8,ACTIVE,False,True,True,Google Ads,te
FD335507238,USR000583,HDFC,NON_CALLABLE,11800.0,177,6.55,QUARTERLY,2026-01-31 00:00:00,2026-07-27,12174.8,ACTIVE,True,True,False,Influencer-IG,en
FD811264207,USR000583,HDFC,CALLABLE,112100.0,1613,8.49,AT_MATURITY,2025-05-26 00:00:00,2029-10-25,154158.6,ACTIVE,True,True,True,Influencer-IG,en
FD552299549,USR000792,HDFC,TAX_SAVER_5Y,218100.0,47,5.68,AT_MATURITY,2026-03-03 00:00:00,2026-04-19,219695.18,MATURED,False,True,True,Referral,te
FD486890752,USR000792,HDFC,SENIOR_CITIZEN,44100.0,1694,7.43,MONTHLY,2026-01-31 00:00:00,2030-09-21,59307.15,ACTIVE,False,True,True,Referral,te
FD946580936,USR000440,HDFC,CALLABLE,443400.0,435,8.8,QUARTERLY,2026-03-24 00:00:00,2027-06-02,489902.33,MATURED,True,False,True,Referral,bn
FD102023730,USR000440,HDFC,NON_CALLABLE,381000.0,1242,6.57,AT_MATURITY,2025-01-01 00:00:00,2028-05-27,466176.36,ACTIVE,True,False,True,Referral,bn
FD761656740,USR000364,INDB,NON_CALLABLE,18100.0,3036,7.46,MONTHLY,2026-05-02 00:00:00,2034-08-24,29331.2,ACTIVE,True,True,False,Organic search,mr
FD258068166,USR000886,HDFC,TAX_SAVER_5Y,377500.0,184,5.55,QUARTERLY,2025-04-21 00:00:00,2025-10-22,388061.73,ACTIVE,True,True,True,Referral,hi
FD361345143,USR000886,HDFC,TAX_SAVER_5Y,1705900.0,2996,8.53,AT_MATURITY,2025-10-29 00:00:00,2034-01-11,2900304.81,PREMATURE_WITHDRAWN,True,False,True,Referral,hi
FD478094025,USR000300,INDB,CALLABLE,134800.0,15,7.78,MONTHLY,2025-03-27 00:00:00,2025-04-11,135230.99,ACTIVE,True,True,True,Google Ads,ml
FD572808581,USR000881,PUNB,CALLABLE,92700.0,1695,7.49,MONTHLY,2025-01-31 00:00:00,2029-09-22,124943.22,MATURED,False,False,True,Influencer-YT,hi
FD136792619,USR000219,KOTK,NON_CALLABLE,57400.0,641,7.38,QUARTERLY,2025-11-05 00:00:00,2027-08-08,64839.32,ACTIVE,False,True,True,Email,mr
FD886978346,USR000609,KOTK,NON_CALLABLE,26400.0,786,7.96,QUARTERLY,2025-09-11 00:00:00,2027-11-06,30925.29,MATURED,True,True,False,Meta Ads,en
FD340120480,USR000609,KOTK,NON_CALLABLE,23700.0,673,7.36,MONTHLY,2026-03-23 00:00:00,2028-01-25,26916.24,ACTIVE,True,True,False,Meta Ads,en
FD726427771,USR000298,YESB,SWEEP_FD,95800.0,836,8.59,AT_MATURITY,2025-07-13 00:00:00,2027-10-27,114648.3,ACTIVE,False,True,True,Direct,en
FD587057624,USR000298,YESB,CALLABLE,43500.0,396,8.98,MONTHLY,2025-07-15 00:00:00,2026-08-15,47738.07,ACTIVE,True,True,True,Direct,en
FD998130766,USR000298,YESB,SWEEP_FD,79100.0,366,8.04,MONTHLY,2025-01-28 00:00:00,2026-01-29,85477.06,MATURED,False,False,True,Direct,en
FD928638613,USR000298,YESB,CALLABLE,22300.0,69,8.18,QUARTERLY,2025-12-10 00:00:00,2026-02-17,22644.84,ACTIVE,True,True,False,Direct,en
FD999100843,USR000216,RBL,SWEEP_FD,254100.0,138,5.65,QUARTERLY,2025-06-19 00:00:00,2025-11-04,259527.99,MATURED,False,False,True,Google Ads,en
FD187513833,USR000411,KOTK,NON_CALLABLE,20900.0,19,7.13,MONTHLY,2026-01-16 00:00:00,2026-02-04,20977.57,ACTIVE,True,True,False,WhatsApp,hi
FD156849795,USR000411,KOTK,CALLABLE,12300.0,945,6.09,QUARTERLY,2026-02-04 00:00:00,2028-09-06,14239.37,PREMATURE_WITHDRAWN,True,True,False,WhatsApp,hi
FD215611651,USR000173,BARB,CALLABLE,20400.0,3370,7.78,QUARTERLY,2025-08-14 00:00:00,2034-11-05,35053.68,PREMATURE_WITHDRAWN,True,True,False,Meta Ads,en
FD291876023,USR000636,SBIN,CALLABLE,455300.0,109,7.91,QUARTERLY,2026-02-28 00:00:00,2026-06-17,466054.93,ACTIVE,True,True,True,Referral,hi
FD564602314,USR000049,YESB,SWEEP_FD,1920900.0,327,8.49,AT_MATURITY,2025-11-02 00:00:00,2026-09-25,2067005.76,ACTIVE,False,False,True,Influencer-YT,hi
FD911542032,USR000619,RBL,NON_CALLABLE,9900.0,1472,8.54,QUARTERLY,2025-07-14 00:00:00,2029-07-25,13309.64,ACTIVE,False,True,False,Google Ads,mr
FD225285189,USR000468,KOTK,SENIOR_CITIZEN,12900.0,1180,7.5,AT_MATURITY,2025-10-14 00:00:00,2029-01-06,16027.81,ACTIVE,True,True,False,Email,hi
FD543924824,USR000722,CANB,REGULAR_FD,14000.0,1453,7.18,QUARTERLY,2026-03-05 00:00:00,2030-02-25,18001.52,ACTIVE,False,True,False,Meta Ads,hi
FD137714551,USR000848,KOTK,TAX_SAVER_5Y,166800.0,278,8.18,QUARTERLY,2025-04-17 00:00:00,2026-01-20,177192.05,MATURED,True,True,True,Direct,kn
FD720907880,USR000848,KOTK,NON_CALLABLE,12400.0,1054,7.95,AT_MATURITY,2025-01-15 00:00:00,2027-12-05,15246.67,ACTIVE,True,False,False,Direct,kn
FD623783663,USR000848,KOTK,NON_CALLABLE,420900.0,2828,6.01,QUARTERLY,2025-03-24 00:00:00,2032-12-20,616892.72,ACTIVE,False,True,True,Direct,kn
FD613158945,USR000581,ICIC,TAX_SAVER_5Y,18600.0,84,7.2,QUARTERLY,2025-07-28 00:00:00,2025-10-20,18908.2,MATURED,False,True,False,Direct,hi
FD411308909,USR000482,INDB,REGULAR_FD,119900.0,419,7.25,MONTHLY,2025-03-22 00:00:00,2026-05-15,129878.8,ACTIVE,True,True,True,Meta Ads,gu
FD572189088,USR000108,BARB,TAX_SAVER_5Y,360400.0,150,7.56,QUARTERLY,2026-03-27 00:00:00,2026-08-24,371597.08,ACTIVE,False,True,True,Direct,te
FD230818855,USR000108,BARB,REGULAR_FD,1169500.0,946,6.16,QUARTERLY,2025-08-10 00:00:00,2028-03-13,1356215.0,ACTIVE,False,True,True,Direct,te
FD133661537,USR000231,IDFC,SENIOR_CITIZEN,10100.0,414,8.27,MONTHLY,2025-12-14 00:00:00,2027-02-01,11047.4,ACTIVE,False,True,False,Referral,bn
FD710199479,USR000480,AXIS,NON_CALLABLE,365200.0,1530,6.44,MONTHLY,2025-03-25 00:00:00,2029-06-02,463785.99,ACTIVE,True,False,True,WhatsApp,hi
FD384554155,USR000934,AXIS,TAX_SAVER_5Y,7000.0,34,5.65,AT_MATURITY,2025-09-23 00:00:00,2025-10-27,7036.84,PREMATURE_WITHDRAWN,False,True,False,Direct,ml
FD373955929,USR000934,AXIS,SWEEP_FD,192700.0,3063,8.9,AT_MATURITY,2025-08-22 00:00:00,2034-01-10,336621.56,PREMATURE_WITHDRAWN,True,True,True,Direct,ml
FD810877074,USR000934,AXIS,SWEEP_FD,87600.0,259,7.91,MONTHLY,2025-03-03 00:00:00,2025-11-17,92516.86,ACTIVE,False,True,True,Direct,ml
FD867941665,USR000406,RBL,CALLABLE,10800.0,225,8.1,QUARTERLY,2025-07-26 00:00:00,2026-03-08,11339.26,ACTIVE,True,True,False,Direct,en
FD668644012,USR000406,RBL,NON_CALLABLE,27000.0,49,7.65,QUARTERLY,2026-03-30 00:00:00,2026-05-18,27277.29,ACTIVE,False,True,False,Direct,en
FD955463090,USR000865,CANB,SWEEP_FD,23300.0,138,6.24,AT_MATURITY,2025-10-03 00:00:00,2026-02-18,23849.7,ACTIVE,False,False,False,Organic search,mr
FD567450107,USR000265,INDB,SENIOR_CITIZEN,395500.0,85,6.85,AT_MATURITY,2025-07-23 00:00:00,2025-10-16,401809.04,ACTIVE,True,True,True,Referral,mr
FD215463415,USR000500,ICIC,NON_CALLABLE,16100.0,1901,6.23,QUARTERLY,2025-04-22 00:00:00,2030-07-06,21324.0,ACTIVE,False,True,False,Referral,te
FD452753966,USR000157,KOTK,NON_CALLABLE,291000.0,47,8.3,QUARTERLY,2025-11-04 00:00:00,2025-12-21,294110.11,PREMATURE_WITHDRAWN,False,False,True,Google Ads,hi
FD263281438,USR000303,ICIC,SENIOR_CITIZEN,272400.0,125,6.79,MONTHLY,2025-09-04 00:00:00,2026-01-07,278734.23,ACTIVE,False,False,True,Referral,hi
FD810164884,USR000803,RBL,CALLABLE,24800.0,719,7.04,MONTHLY,2025-05-21 00:00:00,2027-05-10,28239.22,ACTIVE,False,True,False,Email,en
FD877946760,USR000393,INDB,SWEEP_FD,268600.0,2878,7.52,QUARTERLY,2025-04-19 00:00:00,2033-03-06,427865.52,ACTIVE,True,False,True,Meta Ads,kn
FD178117421,USR000294,AXIS,NON_CALLABLE,15600.0,59,7.74,MONTHLY,2025-11-24 00:00:00,2026-01-22,15795.18,ACTIVE,False,True,False,Organic search,en
FD825730728,USR000610,PUNB,REGULAR_FD,69500.0,919,8.76,MONTHLY,2025-01-08 00:00:00,2027-07-16,84828.92,ACTIVE,True,True,True,Meta Ads,en
FD660041436,USR000610,PUNB,NON_CALLABLE,11300.0,80,5.93,AT_MATURITY,2025-12-24 00:00:00,2026-03-14,11446.87,ACTIVE,False,False,False,Meta Ads,en
FD106976887,USR000460,IDFC,REGULAR_FD,86200.0,67,6.37,MONTHLY,2025-11-14 00:00:00,2026-01-20,87207.93,ACTIVE,False,False,True,Google Ads,en
FD607071277,USR000155,ICIC,NON_CALLABLE,23800.0,2564,6.76,QUARTERLY,2025-09-15 00:00:00,2032-09-22,35101.83,PREMATURE_WITHDRAWN,False,False,False,Email,en
FD254529588,USR000155,ICIC,SENIOR_CITIZEN,37600.0,525,8.22,MONTHLY,2025-01-18 00:00:00,2026-06-27,42045.56,ACTIVE,False,False,False,Email,en
FD740095157,USR000023,PUNB,CALLABLE,10900.0,3365,8.28,MONTHLY,2025-02-26 00:00:00,2034-05-15,19220.49,ACTIVE,False,True,False,Google Ads,kn
FD689754726,USR000952,KOTK,NON_CALLABLE,22800.0,171,5.75,AT_MATURITY,2025-08-10 00:00:00,2026-01-28,23414.19,ACTIVE,False,True,False,Email,en
FD520205663,USR000952,KOTK,SENIOR_CITIZEN,46200.0,18,5.83,MONTHLY,2025-10-14 00:00:00,2025-11-01,46332.83,ACTIVE,True,True,True,Email,en
FD424765712,USR000184,YESB,SENIOR_CITIZEN,22900.0,939,6.87,QUARTERLY,2025-09-11 00:00:00,2028-04-07,26947.3,ACTIVE,False,False,False,Organic search,kn
FD990564266,USR000184,YESB,TAX_SAVER_5Y,56800.0,42,8.26,AT_MATURITY,2025-06-18 00:00:00,2025-07-30,57339.86,ACTIVE,True,True,True,Organic search,kn
FD886943749,USR000184,YESB,NON_CALLABLE,404200.0,463,7.08,QUARTERLY,2025-03-04 00:00:00,2026-06-10,440500.93,ACTIVE,True,True,True,Organic search,kn
FD440557760,USR000505,IDFC,CALLABLE,60400.0,174,8.08,QUARTERLY,2025-12-27 00:00:00,2026-06-19,62726.51,ACTIVE,False,True,True,Google Ads,hi
FD316593708,USR000222,AXIS,NON_CALLABLE,19000.0,2403,6.37,AT_MATURITY,2026-04-01 00:00:00,2032-10-29,26968.08,CANCELLED,True,True,False,WhatsApp,hi
FD210237461,USR000718,CANB,SENIOR_CITIZEN,92600.0,2819,6.62,AT_MATURITY,2026-05-05 00:00:00,2034-01-22,139944.68,ACTIVE,True,True,True,Google Ads,en
FD619941505,USR000718,CANB,CALLABLE,18400.0,14,7.18,QUARTERLY,2025-01-19 00:00:00,2025-02-02,18450.67,ACTIVE,False,False,False,Google Ads,en
FD817325149,USR000966,BARB,TAX_SAVER_5Y,84900.0,1921,8.72,QUARTERLY,2025-09-07 00:00:00,2030-12-11,123863.56,PREMATURE_WITHDRAWN,False,True,True,Organic search,mr
FD466480838,USR000160,PUNB,NON_CALLABLE,181100.0,42,6.33,AT_MATURITY,2025-09-06 00:00:00,2025-10-18,182419.1,ACTIVE,False,True,True,Google Ads,hi
FD563586176,USR000365,ICIC,REGULAR_FD,16400.0,211,6.3,AT_MATURITY,2025-05-05 00:00:00,2025-12-02,16997.27,ACTIVE,True,False,False,Meta Ads,en
FD614726907,USR000365,ICIC,CALLABLE,1345400.0,1662,8.31,AT_MATURITY,2025-10-16 00:00:00,2030-05-05,1854485.35,ACTIVE,False,True,True,Meta Ads,en
FD100063343,USR000365,ICIC,NON_CALLABLE,88800.0,875,8.2,QUARTERLY,2025-09-13 00:00:00,2028-02-05,106255.89,ACTIVE,True,True,True,Meta Ads,en
FD274660110,USR000590,INDB,SWEEP_FD,11900.0,33,6.99,AT_MATURITY,2025-09-20 00:00:00,2025-10-23,11975.2,ACTIVE,True,True,False,Meta Ads,kn
FD400735219,USR000590,INDB,TAX_SAVER_5Y,13400.0,160,6.79,QUARTERLY,2025-05-11 00:00:00,2025-10-18,13798.84,MATURED,False,True,False,Meta Ads,kn
FD808639846,USR000590,INDB,SENIOR_CITIZEN,27100.0,49,5.85,MONTHLY,2025-07-08 00:00:00,2025-08-26,27312.83,ACTIVE,False,False,False,Meta Ads,kn
FD862306694,USR000590,INDB,SENIOR_CITIZEN,203800.0,386,8.78,QUARTERLY,2025-05-26 00:00:00,2026-06-16,222723.14,ACTIVE,False,True,True,Meta Ads,kn
FD724324900,USR000247,CANB,TAX_SAVER_5Y,46700.0,160,7.9,AT_MATURITY,2025-08-17 00:00:00,2026-01-24,48317.23,MATURED,False,False,True,Referral,en
FD699668263,USR000422,CANB,NON_CALLABLE,479500.0,318,7.68,QUARTERLY,2026-03-20 00:00:00,2027-02-01,511583.67,ACTIVE,True,True,True,Influencer-IG,en
FD931723257,USR000072,PUNB,SWEEP_FD,71100.0,1965,7.4,MONTHLY,2026-04-26 00:00:00,2031-09-12,99425.07,MATURED,True,True,True,Meta Ads,mr
FD480717664,USR000787,AXIS,REGULAR_FD,18600.0,16,8.33,AT_MATURITY,2026-04-30 00:00:00,2026-05-16,18667.92,ACTIVE,False,True,False,Referral,en
FD363735293,USR000927,AXIS,REGULAR_FD,54000.0,31,7.07,QUARTERLY,2025-02-06 00:00:00,2025-03-09,54324.25,ACTIVE,True,True,True,Influencer-YT,ta
FD436927775,USR000096,ICIC,TAX_SAVER_5Y,370800.0,1241,7.24,MONTHLY,2025-02-17 00:00:00,2028-07-12,462076.13,PREMATURE_WITHDRAWN,True,False,True,Referral,en
FD201707082,USR000094,CANB,TAX_SAVER_5Y,87400.0,65,8.06,QUARTERLY,2025-02-07 00:00:00,2025-04-13,88654.49,ACTIVE,False,True,True,Organic search,hi
FD982411107,USR000094,CANB,CALLABLE,34700.0,9,7.11,QUARTERLY,2025-01-16 00:00:00,2025-01-25,34760.83,ACTIVE,True,True,False,Organic search,hi
FD996805747,USR000489,IDFC,CALLABLE,20700.0,98,8.73,AT_MATURITY,2025-03-11 00:00:00,2025-06-17,21185.2,PREMATURE_WITHDRAWN,True,False,False,Direct,hi
FD811759939,USR000489,IDFC,SENIOR_CITIZEN,56000.0,1968,6.56,MONTHLY,2026-01-14 00:00:00,2031-06-05,75807.25,ACTIVE,False,True,True,Direct,hi
FD556214800,USR000713,CANB,SENIOR_CITIZEN,5500.0,3220,7.12,MONTHLY,2026-01-09 00:00:00,2034-11-03,8954.66,ACTIVE,False,False,False,Referral,hi
FD686001375,USR000501,ICIC,TAX_SAVER_5Y,84900.0,1912,8.43,AT_MATURITY,2026-04-12 00:00:00,2031-07-07,122391.28,ACTIVE,True,True,True,Influencer-IG,hi
FD705231921,USR000686,INDB,SENIOR_CITIZEN,46500.0,2803,8.61,MONTHLY,2025-10-09 00:00:00,2033-06-12,77245.84,ACTIVE,False,True,True,Influencer-IG,gu
FD829487583,USR000976,SBIN,REGULAR_FD,57100.0,166,5.85,QUARTERLY,2025-09-29 00:00:00,2026-03-14,58619.17,ACTIVE,True,False,True,Meta Ads,hi
FD498206343,USR000976,SBIN,CALLABLE,22900.0,1108,7.01,AT_MATURITY,2025-11-21 00:00:00,2028-12-03,27773.04,ACTIVE,True,False,False,Meta Ads,hi
FD537508343,USR000820,CANB,REGULAR_FD,279700.0,1456,8.83,MONTHLY,2025-11-03 00:00:00,2029-10-29,378219.38,PREMATURE_WITHDRAWN,True,False,True,Influencer-IG,ta
FD125547629,USR000958,HDFC,NON_CALLABLE,125500.0,2386,8.33,QUARTERLY,2025-10-22 00:00:00,2032-05-04,193838.64,ACTIVE,False,True,True,Direct,hi
FD979415638,USR000671,KOTK,CALLABLE,75000.0,688,7.12,MONTHLY,2025-02-04 00:00:00,2026-12-24,85065.53,ACTIVE,True,False,True,Email,bn
FD129307568,USR000585,BARB,REGULAR_FD,440600.0,13,6.62,QUARTERLY,2025-12-03 00:00:00,2025-12-16,441638.85,ACTIVE,False,True,True,WhatsApp,hi
FD797483542,USR000088,RBL,TAX_SAVER_5Y,173600.0,103,6.36,AT_MATURITY,2025-12-09 00:00:00,2026-03-22,176715.67,PREMATURE_WITHDRAWN,True,True,True,Influencer-IG,en
FD982774070,USR000620,KOTK,SWEEP_FD,14800.0,1227,6.05,AT_MATURITY,2025-06-14 00:00:00,2028-10-23,17810.02,ACTIVE,False,True,False,Referral,mr
FD912881131,USR000620,KOTK,SENIOR_CITIZEN,16900.0,2982,7.72,QUARTERLY,2025-01-03 00:00:00,2033-03-04,27559.06,CANCELLED,False,True,False,Referral,mr
FD880817322,USR000537,AXIS,NON_CALLABLE,81100.0,2078,7.17,MONTHLY,2025-12-20 00:00:00,2031-08-29,114204.93,ACTIVE,True,True,True,Influencer-YT,en
FD498871497,USR000028,ICIC,REGULAR_FD,23900.0,87,7.43,QUARTERLY,2026-03-19 00:00:00,2026-06-14,24323.27,ACTIVE,True,False,False,Influencer-YT,hi
FD431069209,USR000121,KOTK,TAX_SAVER_5Y,369500.0,116,6.9,QUARTERLY,2025-06-21 00:00:00,2025-10-15,377602.68,ACTIVE,False,True,True,Direct,hi
FD857019447,USR000721,PUNB,NON_CALLABLE,69700.0,63,7.49,AT_MATURITY,2025-06-18 00:00:00,2025-08-20,70601.08,CANCELLED,True,False,True,Influencer-IG,hi
FD667623320,USR000721,PUNB,CALLABLE,28300.0,2547,6.06,MONTHLY,2025-11-07 00:00:00,2032-10-28,40267.27,ACTIVE,False,True,False,Influencer-IG,hi
FD198864332,USR000721,PUNB,SWEEP_FD,23800.0,1118,6.9,MONTHLY,2026-05-03 00:00:00,2029-05-25,28830.08,ACTIVE,False,True,False,Influencer-IG,hi
FD700776614,USR000105,HDFC,SENIOR_CITIZEN,13700.0,2233,8.77,MONTHLY,2025-10-31 00:00:00,2031-12-12,21050.49,PREMATURE_WITHDRAWN,False,False,False,Organic search,en
FD326770987,USR000506,RBL,REGULAR_FD,98000.0,62,6.75,MONTHLY,2025-10-11 00:00:00,2025-12-12,99123.64,ACTIVE,True,True,True,Influencer-YT,mr
FD468641940,USR000506,RBL,TAX_SAVER_5Y,85000.0,253,8.02,MONTHLY,2025-02-14 00:00:00,2025-10-25,89725.21,ACTIVE,True,True,True,Influencer-YT,mr
FD723985344,USR000506,RBL,REGULAR_FD,11200.0,29,5.54,QUARTERLY,2025-11-19 00:00:00,2025-12-18,11249.3,ACTIVE,True,True,False,Influencer-YT,mr
FD135000456,USR000982,KOTK,TAX_SAVER_5Y,71800.0,3582,8.76,AT_MATURITY,2026-04-04 00:00:00,2036-01-24,133525.02,MATURED,True,True,True,Influencer-YT,en
FD853233831,USR000882,CANB,CALLABLE,90000.0,3477,6.54,MONTHLY,2025-06-07 00:00:00,2034-12-14,146070.2,CANCELLED,False,False,True,WhatsApp,en
FD239258262,USR000882,CANB,SENIOR_CITIZEN,38000.0,2777,6.48,QUARTERLY,2025-06-03 00:00:00,2033-01-09,56734.48,ACTIVE,True,True,False,WhatsApp,en
FD980912611,USR000457,CANB,SWEEP_FD,5600.0,619,6.07,AT_MATURITY,2026-02-07 00:00:00,2027-10-19,6176.47,ACTIVE,True,True,False,WhatsApp,te
FD209266841,USR000344,INDB,SWEEP_FD,13000.0,84,8.33,MONTHLY,2025-11-29 00:00:00,2026-02-21,13249.22,PREMATURE_WITHDRAWN,True,True,False,Influencer-YT,en
FD589300679,USR000344,INDB,TAX_SAVER_5Y,11100.0,19,6.18,QUARTERLY,2026-02-25 00:00:00,2026-03-16,11135.71,ACTIVE,True,True,False,Influencer-YT,en
FD586337488,USR000344,INDB,TAX_SAVER_5Y,20700.0,69,7.95,AT_MATURITY,2025-09-13 00:00:00,2025-11-21,21011.1,ACTIVE,False,True,False,Influencer-YT,en
FD400851444,USR000344,INDB,SENIOR_CITIZEN,94200.0,674,7.77,MONTHLY,2025-05-15 00:00:00,2027-03-20,107715.71,ACTIVE,True,True,True,Influencer-YT,en
FD692637998,USR000985,RBL,NON_CALLABLE,366300.0,11,8.46,AT_MATURITY,2025-04-05 00:00:00,2025-04-16,367233.91,ACTIVE,False,True,True,Influencer-YT,mr
FD105933386,USR000498,INDB,TAX_SAVER_5Y,178000.0,174,6.13,MONTHLY,2026-04-01 00:00:00,2026-09-22,183201.6,ACTIVE,False,True,True,Direct,ta
FD239061535,USR000498,INDB,CALLABLE,681300.0,172,5.57,AT_MATURITY,2025-07-06 00:00:00,2025-12-25,699182.54,ACTIVE,False,True,True,Direct,ta
FD850430875,USR000740,ICIC,SWEEP_FD,12300.0,2576,6.36,MONTHLY,2026-01-09 00:00:00,2033-01-28,17820.97,ACTIVE,False,False,False,Influencer-YT,kn
FD714239546,USR000584,INDB,TAX_SAVER_5Y,205100.0,431,7.27,MONTHLY,2025-09-25 00:00:00,2026-11-30,222706.96,ACTIVE,False,True,True,Email,hi
FD540466811,USR000660,KOTK,REGULAR_FD,86300.0,25,7.17,MONTHLY,2025-12-18 00:00:00,2026-01-12,86723.82,MATURED,False,False,True,Influencer-IG,ta
FD213500120,USR000691,SBIN,NON_CALLABLE,62700.0,106,6.89,AT_MATURITY,2026-02-28 00:00:00,2026-06-14,63954.58,PREMATURE_WITHDRAWN,False,False,True,Meta Ads,bn
FD493239497,USR000769,INDB,SWEEP_FD,8800.0,72,7.02,QUARTERLY,2025-05-12 00:00:00,2025-07-23,8921.86,ACTIVE,True,True,False,Influencer-YT,bn
FD876271524,USR000712,SBIN,REGULAR_FD,50400.0,226,8.01,MONTHLY,2025-04-20 00:00:00,2025-12-02,52899.65,ACTIVE,False,False,True,Referral,en
FD262587985,USR000712,SBIN,REGULAR_FD,22500.0,2681,8.68,QUARTERLY,2025-09-10 00:00:00,2033-01-12,36845.19,MATURED,False,True,False,Referral,en
FD467242723,USR000712,SBIN,TAX_SAVER_5Y,5000.0,10,7.86,QUARTERLY,2025-09-04 00:00:00,2025-09-14,5010.77,ACTIVE,False,True,False,Referral,en
FD236053153,USR000815,HDFC,NON_CALLABLE,1291500.0,58,6.84,QUARTERLY,2025-05-15 00:00:00,2025-07-12,1305537.37,ACTIVE,True,True,True,WhatsApp,hi
FD277416158,USR000815,HDFC,CALLABLE,84000.0,28,6.77,MONTHLY,2026-03-13 00:00:00,2026-04-10,84436.25,MATURED,False,False,True,WhatsApp,hi
FD499440605,USR000133,HDFC,SENIOR_CITIZEN,63400.0,2157,7.37,AT_MATURITY,2025-03-15 00:00:00,2031-02-09,91013.03,ACTIVE,False,True,True,Influencer-IG,hi
FD285496447,USR000937,INDB,NON_CALLABLE,262900.0,2510,7.55,QUARTERLY,2026-04-26 00:00:00,2033-03-10,399395.52,ACTIVE,True,False,True,Email,mr
FD437165902,USR000937,INDB,CALLABLE,298900.0,2593,7.4,AT_MATURITY,2026-01-16 00:00:00,2033-02-21,456032.96,ACTIVE,True,True,True,Email,mr
FD501190709,USR000937,INDB,TAX_SAVER_5Y,8800.0,29,6.92,MONTHLY,2025-01-04 00:00:00,2025-02-02,8848.38,ACTIVE,False,True,False,Email,mr
FD324555437,USR000916,RBL,REGULAR_FD,44800.0,41,5.88,AT_MATURITY,2026-03-17 00:00:00,2026-04-27,45095.9,PREMATURE_WITHDRAWN,True,False,True,Referral,mr
FD858781496,USR000069,IDFC,REGULAR_FD,288600.0,301,6.31,AT_MATURITY,2025-12-24 00:00:00,2026-10-21,303617.56,ACTIVE,True,True,True,Meta Ads,ta
FD806244539,USR000275,YESB,NON_CALLABLE,10600.0,63,7.1,AT_MATURITY,2025-07-06 00:00:00,2025-09-07,10729.9,ACTIVE,False,False,False,Direct,hi
FD506164623,USR000570,CANB,SWEEP_FD,817600.0,127,6.02,QUARTERLY,2025-02-28 00:00:00,2025-07-05,834725.7,ACTIVE,False,True,True,Meta Ads,mr
FD898254595,USR000963,INDB,SWEEP_FD,17200.0,192,7.23,QUARTERLY,2025-11-19 00:00:00,2026-05-30,17854.15,ACTIVE,False,True,False,WhatsApp,ml
FD903996492,USR000864,SBIN,TAX_SAVER_5Y,16300.0,611,6.25,MONTHLY,2025-02-25 00:00:00,2026-10-29,18005.36,ACTIVE,True,True,False,WhatsApp,hi
FD639074191,USR000847,CANB,REGULAR_FD,7200.0,121,5.7,QUARTERLY,2025-11-12 00:00:00,2026-03-13,7336.05,ACTIVE,True,False,False,Google Ads,en
FD289759910,USR000649,AXIS,CALLABLE,40700.0,712,6.66,AT_MATURITY,2025-09-02 00:00:00,2027-08-15,45987.57,ACTIVE,False,False,True,Referral,hi
FD414387270,USR000649,AXIS,TAX_SAVER_5Y,15400.0,51,5.92,AT_MATURITY,2025-02-12 00:00:00,2025-04-04,15527.39,ACTIVE,True,True,False,Referral,hi
FD998407985,USR000515,KOTK,SENIOR_CITIZEN,22500.0,723,7.06,QUARTERLY,2025-12-02 00:00:00,2027-11-25,25646.54,ACTIVE,True,False,False,Meta Ads,ml
FD311766826,USR000428,INDB,TAX_SAVER_5Y,1406900.0,40,6.24,QUARTERLY,2025-10-03 00:00:00,2025-11-12,1416520.88,ACTIVE,False,True,True,Direct,te
FD586422753,USR000269,YESB,NON_CALLABLE,13500.0,313,6.33,QUARTERLY,2025-04-07 00:00:00,2026-02-14,14232.81,MATURED,True,True,False,Email,en
FD101487877,USR000269,YESB,TAX_SAVER_5Y,22000.0,1817,8.81,MONTHLY,2026-03-18 00:00:00,2031-03-09,31648.52,ACTIVE,True,True,False,Email,en
FD827280539,USR000269,YESB,NON_CALLABLE,62400.0,2859,7.04,QUARTERLY,2025-01-22 00:00:00,2032-11-20,96809.51,ACTIVE,True,True,True,Email,en
FD620997924,USR000269,YESB,SENIOR_CITIZEN,91700.0,83,8.24,QUARTERLY,2025-09-10 00:00:00,2025-12-02,93418.23,ACTIVE,False,True,True,Email,en
FD996938212,USR000521,SBIN,REGULAR_FD,392500.0,2007,7.04,MONTHLY,2026-03-19 00:00:00,2031-09-16,544438.15,ACTIVE,True,True,True,Organic search,kn
FD141349934,USR000602,ICIC,REGULAR_FD,348700.0,72,5.75,MONTHLY,2025-05-24 00:00:00,2025-08-04,352655.12,ACTIVE,False,True,True,Referral,bn
FD837316510,USR000102,SBIN,NON_CALLABLE,69100.0,311,5.84,AT_MATURITY,2025-07-06 00:00:00,2026-05-13,72538.42,MATURED,True,True,True,Organic search,kn
FD245532350,USR000102,SBIN,NON_CALLABLE,13300.0,1685,7.45,QUARTERLY,2026-02-14 00:00:00,2030-09-26,17874.2,ACTIVE,False,False,False,Organic search,kn
FD685472137,USR000586,ICIC,SWEEP_FD,64200.0,712,7.39,QUARTERLY,2026-01-09 00:00:00,2027-12-22,73454.79,ACTIVE,True,True,True,Meta Ads,hi
FD313190803,USR000586,ICIC,NON_CALLABLE,42700.0,307,8.17,QUARTERLY,2026-03-14 00:00:00,2027-01-15,45634.24,ACTIVE,True,True,True,Meta Ads,hi
FD302562398,USR000386,KOTK,NON_CALLABLE,234900.0,282,6.13,AT_MATURITY,2026-02-03 00:00:00,2026-11-12,246024.99,PREMATURE_WITHDRAWN,True,True,True,Email,ta
FD750739845,USR000029,RBL,SWEEP_FD,8900.0,3298,7.2,MONTHLY,2025-11-28 00:00:00,2034-12-09,14690.02,ACTIVE,False,True,False,Referral,hi
FD668836203,USR000139,YESB,REGULAR_FD,92600.0,70,7.25,QUARTERLY,2025-03-08 00:00:00,2025-05-17,93887.52,ACTIVE,False,False,True,Direct,hi
FD622561034,USR000139,YESB,CALLABLE,65300.0,145,5.53,AT_MATURITY,2026-03-25 00:00:00,2026-08-17,66734.54,ACTIVE,False,True,True,Direct,hi
FD573682839,USR000405,BARB,SWEEP_FD,24300.0,42,7.37,AT_MATURITY,2026-04-22 00:00:00,2026-06-03,24506.08,MATURED,True,True,False,Referral,en
FD861511455,USR000375,RBL,CALLABLE,78200.0,22,5.75,QUARTERLY,2025-12-14 00:00:00,2026-01-05,78471.02,ACTIVE,False,True,True,Google Ads,hi
FD917260490,USR000037,RBL,REGULAR_FD,83600.0,110,8.43,QUARTERLY,2025-03-22 00:00:00,2025-07-10,85723.9,MATURED,False,True,True,Email,ta
FD548173420,USR000098,KOTK,CALLABLE,14100.0,220,8.33,QUARTERLY,2025-12-05 00:00:00,2026-07-13,14807.94,ACTIVE,True,False,False,Email,en
FD134135536,USR000461,PUNB,SENIOR_CITIZEN,27400.0,2570,7.62,MONTHLY,2025-05-20 00:00:00,2032-06-02,42100.96,CANCELLED,False,True,False,Referral,hi
FD411363808,USR000280,RBL,CALLABLE,19400.0,26,6.18,AT_MATURITY,2025-11-03 00:00:00,2025-11-29,19485.4,ACTIVE,True,False,False,Meta Ads,hi
FD540512515,USR000615,HDFC,NON_CALLABLE,23700.0,3172,7.7,MONTHLY,2025-03-26 00:00:00,2033-12-01,39559.13,ACTIVE,False,True,False,Organic search,en
FD162926253,USR000592,BARB,TAX_SAVER_5Y,49600.0,2796,6.01,MONTHLY,2025-05-15 00:00:00,2033-01-09,72434.97,ACTIVE,False,True,True,Influencer-YT,en
FD460388736,USR000592,BARB,REGULAR_FD,11700.0,1072,7.9,QUARTERLY,2025-08-13 00:00:00,2028-07-20,14414.66,ACTIVE,True,False,False,Influencer-YT,en
FD906138793,USR000592,BARB,REGULAR_FD,168000.0,1191,7.01,MONTHLY,2026-04-16 00:00:00,2029-07-20,206427.86,ACTIVE,False,False,True,Influencer-YT,en
FD207805530,USR000764,HDFC,REGULAR_FD,35200.0,17,8.36,QUARTERLY,2025-02-01 00:00:00,2025-02-18,35337.06,MATURED,True,True,False,Referral,en
FD836979900,USR000764,HDFC,TAX_SAVER_5Y,53300.0,1599,7.78,AT_MATURITY,2025-06-08 00:00:00,2029-10-24,71466.13,ACTIVE,True,False,True,Referral,en
FD835923715,USR000185,PUNB,SWEEP_FD,6400.0,993,8.9,AT_MATURITY,2025-04-24 00:00:00,2028-01-12,7949.62,ACTIVE,True,True,False,Referral,hi
FD204994592,USR000255,IDFC,REGULAR_FD,42900.0,7,8.11,MONTHLY,2025-02-06 00:00:00,2025-02-13,42966.72,ACTIVE,True,False,True,Direct,en
FD659244411,USR000270,PUNB,CALLABLE,772500.0,337,6.81,QUARTERLY,2026-01-24 00:00:00,2026-12-27,821071.63,ACTIVE,False,True,True,Direct,te
FD146427200,USR000999,AXIS,SWEEP_FD,18700.0,91,5.62,MONTHLY,2026-01-26 00:00:00,2026-04-27,18962.02,ACTIVE,False,True,False,Organic search,bn
FD323895774,USR000268,YESB,TAX_SAVER_5Y,81700.0,2524,6.33,AT_MATURITY,2025-12-05 00:00:00,2032-11-02,117462.04,ACTIVE,True,False,True,Direct,ta
FD656063573,USR000268,YESB,TAX_SAVER_5Y,49700.0,402,6.01,MONTHLY,2025-03-03 00:00:00,2026-04-09,52989.76,ACTIVE,True,True,True,Direct,ta
FD181708087,USR000268,YESB,CALLABLE,19500.0,46,6.62,AT_MATURITY,2026-03-19 00:00:00,2026-05-04,19662.69,ACTIVE,False,False,False,Direct,ta
FD436907125,USR000944,SBIN,TAX_SAVER_5Y,41400.0,1065,7.01,QUARTERLY,2025-09-21 00:00:00,2028-08-21,49867.89,ACTIVE,True,False,True,Influencer-YT,hi
FD877623908,USR000534,RBL,CALLABLE,21900.0,68,7.52,QUARTERLY,2025-02-15 00:00:00,2025-04-24,22206.82,PREMATURE_WITHDRAWN,False,True,False,Referral,hi
FD154160901,USR000477,KOTK,TAX_SAVER_5Y,418600.0,358,8.07,MONTHLY,2026-04-08 00:00:00,2027-04-01,451733.16,ACTIVE,True,True,True,Google Ads,hi
FD815627621,USR000304,RBL,SENIOR_CITIZEN,23700.0,2056,6.46,MONTHLY,2025-11-21 00:00:00,2031-07-09,32324.05,ACTIVE,False,True,False,Influencer-YT,bn
FD376930484,USR000316,HDFC,SWEEP_FD,47200.0,11,5.63,QUARTERLY,2026-04-30 00:00:00,2026-05-11,47280.08,ACTIVE,True,True,True,Email,te
FD895323018,USR000316,HDFC,SENIOR_CITIZEN,90400.0,29,6.37,AT_MATURITY,2026-03-18 00:00:00,2026-04-16,90857.52,ACTIVE,False,True,True,Email,te
FD109708836,USR000081,SBIN,SWEEP_FD,92600.0,164,7.06,QUARTERLY,2025-10-21 00:00:00,2026-04-03,95537.42,MATURED,False,True,True,Meta Ads,hi
FD484013430,USR000055,AXIS,REGULAR_FD,69200.0,66,7.35,MONTHLY,2025-07-14 00:00:00,2025-09-18,70119.7,ACTIVE,False,True,True,Referral,en
FD675107630,USR000055,AXIS,NON_CALLABLE,8700.0,75,7.83,QUARTERLY,2026-04-19 00:00:00,2026-07-03,8839.97,ACTIVE,True,True,False,Referral,en
FD575215388,USR000158,IDFC,REGULAR_FD,84400.0,2246,8.87,MONTHLY,2025-02-18 00:00:00,2031-04-14,130466.26,ACTIVE,True,True,True,Direct,en
FD268812464,USR000158,IDFC,SWEEP_FD,71200.0,1783,8.59,QUARTERLY,2025-11-23 00:00:00,2030-10-11,101076.63,PREMATURE_WITHDRAWN,True,False,True,Direct,en
FD419636394,USR000158,IDFC,NON_CALLABLE,176900.0,3139,8.68,QUARTERLY,2025-01-22 00:00:00,2033-08-27,308952.31,ACTIVE,False,True,True,Direct,en
FD979046775,USR000176,KOTK,SWEEP_FD,5400.0,89,6.09,AT_MATURITY,2025-01-18 00:00:00,2025-04-17,5480.19,ACTIVE,False,True,False,Direct,gu
FD590241403,USR000666,AXIS,NON_CALLABLE,17200.0,46,8.12,AT_MATURITY,2026-01-16 00:00:00,2026-03-03,17376.01,ACTIVE,False,True,False,Email,hi
FD375434616,USR000479,KOTK,CALLABLE,18100.0,278,8.0,QUARTERLY,2026-04-23 00:00:00,2027-01-26,19202.86,ACTIVE,False,False,False,WhatsApp,hi
FD755373966,USR000021,YESB,CALLABLE,66300.0,1359,7.75,QUARTERLY,2025-02-15 00:00:00,2028-11-05,85431.18,ACTIVE,True,True,True,Meta Ads,mr
FD378831760,USR000289,BARB,CALLABLE,84800.0,1878,6.1,AT_MATURITY,2025-07-03 00:00:00,2030-08-24,111415.12,ACTIVE,True,True,True,Referral,en
FD244810253,USR000635,BARB,REGULAR_FD,15600.0,28,6.51,QUARTERLY,2025-06-18 00:00:00,2025-07-16,15677.91,ACTIVE,False,True,False,Email,te
FD850019732,USR000111,KOTK,TAX_SAVER_5Y,21100.0,2839,6.39,MONTHLY,2025-06-25 00:00:00,2033-04-03,31587.11,ACTIVE,True,True,False,Influencer-IG,hi
FD901139400,USR000562,PUNB,NON_CALLABLE,14000.0,289,7.49,AT_MATURITY,2025-08-15 00:00:00,2026-05-31,14830.26,ACTIVE,False,False,False,Google Ads,kn
FD691215936,USR000416,BARB,NON_CALLABLE,9700.0,144,7.47,AT_MATURITY,2025-05-23 00:00:00,2025-10-14,9985.87,ACTIVE,True,True,False,Organic search,bn
FD591666924,USR000487,RBL,SENIOR_CITIZEN,397400.0,2890,7.31,MONTHLY,2025-12-20 00:00:00,2033-11-18,627411.85,PREMATURE_WITHDRAWN,False,True,True,WhatsApp,mr
FD396444486,USR000311,YESB,SWEEP_FD,13300.0,55,5.86,AT_MATURITY,2025-03-26 00:00:00,2025-05-20,13417.44,PREMATURE_WITHDRAWN,True,True,False,Google Ads,bn
FD946992082,USR000473,BARB,CALLABLE,64900.0,661,8.7,QUARTERLY,2025-03-10 00:00:00,2026-12-31,75125.22,ACTIVE,True,False,True,Referral,kn
FD505528084,USR000669,INDB,SENIOR_CITIZEN,11900.0,14,8.05,AT_MATURITY,2025-08-17 00:00:00,2025-08-31,11936.74,MATURED,False,True,False,Meta Ads,hi
FD503095049,USR000631,CANB,CALLABLE,38400.0,377,8.95,MONTHLY,2025-04-09 00:00:00,2026-04-21,41949.79,ACTIVE,False,True,False,Direct,hi
FD274313735,USR000456,HDFC,CALLABLE,12300.0,896,8.33,MONTHLY,2025-03-29 00:00:00,2027-09-11,14815.16,MATURED,False,True,False,Organic search,en
FD264976337,USR000979,CANB,NON_CALLABLE,89700.0,665,6.62,MONTHLY,2025-03-07 00:00:00,2027-01-01,100518.8,ACTIVE,True,True,True,Google Ads,te
FD411567907,USR000829,ICIC,SENIOR_CITIZEN,20500.0,2120,7.58,AT_MATURITY,2026-03-05 00:00:00,2031-12-24,29525.39,ACTIVE,False,True,False,Google Ads,mr
FD527743156,USR000374,KOTK,NON_CALLABLE,24300.0,175,8.22,QUARTERLY,2025-12-01 00:00:00,2026-05-25,25257.69,ACTIVE,False,True,False,Organic search,hi
FD959728607,USR000374,KOTK,SENIOR_CITIZEN,99200.0,59,8.01,AT_MATURITY,2025-02-10 00:00:00,2025-04-10,100484.41,ACTIVE,True,False,True,Organic search,hi
FD866808155,USR000025,BARB,REGULAR_FD,12200.0,626,7.74,QUARTERLY,2025-04-12 00:00:00,2026-12-29,13819.5,MATURED,True,True,False,WhatsApp,ml
FD876062220,USR000621,ICIC,NON_CALLABLE,18500.0,13,7.14,QUARTERLY,2026-01-29 00:00:00,2026-02-11,18547.05,ACTIVE,True,True,False,Organic search,hi
FD535374984,USR000118,KOTK,SENIOR_CITIZEN,24700.0,200,6.25,QUARTERLY,2026-04-01 00:00:00,2026-10-18,25545.89,ACTIVE,False,True,False,WhatsApp,hi
FD252194781,USR000118,KOTK,SENIOR_CITIZEN,157900.0,344,7.18,QUARTERLY,2026-03-13 00:00:00,2027-02-20,168584.94,ACTIVE,False,False,True,WhatsApp,hi
FD606683086,USR000324,AXIS,SWEEP_FD,496000.0,34,5.99,MONTHLY,2025-07-18 00:00:00,2025-08-21,498767.54,ACTIVE,True,True,True,Influencer-YT,te
FD121379636,USR000930,CANB,TAX_SAVER_5Y,461200.0,578,6.92,AT_MATURITY,2025-11-26 00:00:00,2027-06-27,511739.43,ACTIVE,False,True,True,Referral,en
FD717514983,USR000356,INDB,REGULAR_FD,67700.0,201,7.5,AT_MATURITY,2026-04-05 00:00:00,2026-10-23,70496.1,ACTIVE,False,True,True,Organic search,hi
FD732859885,USR000356,INDB,SENIOR_CITIZEN,1900200.0,2795,6.77,AT_MATURITY,2025-10-13 00:00:00,2033-06-08,2885292.31,PREMATURE_WITHDRAWN,False,True,True,Organic search,hi
FD814174975,USR000801,INDB,SENIOR_CITIZEN,784900.0,82,6.9,QUARTERLY,2025-05-25 00:00:00,2025-08-15,797067.03,ACTIVE,False,True,True,Influencer-YT,en
FD920004764,USR000801,INDB,SWEEP_FD,423500.0,53,5.99,QUARTERLY,2025-01-19 00:00:00,2025-03-13,427183.52,ACTIVE,False,True,True,Influencer-YT,en
